Date,Team A,Team B,Home/Away,Result
11/08/2024,Clark MA,Anna Maria,Road,W
11/08/2024,Anna Maria,Clark MA,Road,L
11/08/2024,Coast Guard,Gordon,Home,W
11/08/2024,Gordon,Coast Guard,Road,L
11/08/2024,Brockport St.,Alma,Neutral,W
11/08/2024,Alma,Brockport St.,Road,L
11/08/2024,Elizabethtown,Marymount,Home,W
11/08/2024,Marymount,Elizabethtown,Road,L
11/08/2024,Elmira,Hilbert,Home,W
11/08/2024,Hilbert,Elmira,Road,L
11/08/2024,La Roche,Franciscan OH,Road,W
11/08/2024,Franciscan OH,La Roche,Road,L
11/08/2024,SUNY Cobleskill,Hartwick,Road,W
11/08/2024,Hartwick,SUNY Cobleskill,Road,L
11/08/2024,Knox,Loras,Road,W
11/08/2024,Loras,Knox,Road,L
11/08/2024,S Virginia,Lynchburg,Road,W
11/08/2024,Lynchburg,S Virginia,Road,L
11/08/2024,S Maine,ME Presque Isle,Home,W
11/08/2024,ME Presque Isle,S Maine,Road,L
11/08/2024,Vassar,Misericordia,Home,W
11/08/2024,Misericordia,Vassar,Road,L
11/08/2024,St. Lawrence,Oswego St.,Home,W
11/08/2024,Oswego St.,St. Lawrence,Road,L
11/08/2024,Wellesley,Regis MA,Road,W
11/08/2024,Regis MA,Wellesley,Road,L
11/08/2024,Bethel,Greenville,Neutral,W
11/08/2024,Greenville,Bethel,Road,L
11/08/2024,Schreiner,Howard Payne,Home,W
11/08/2024,Howard Payne,Schreiner,Road,L
11/08/2024,Ohio Wesleyan,Widener,Neutral,W
11/08/2024,Widener,Ohio Wesleyan,Road,L
11/08/2024,McDaniel,Gallaudet,Home,W
11/08/2024,Gallaudet,McDaniel,Road,L
11/08/2024,Wm Paterson,Ursinus,Neutral,W
11/08/2024,Ursinus,Wm Paterson,Road,L
11/08/2024,WPI,Worcester St,Neutral,W
11/08/2024,Worcester St,WPI,Road,L
11/08/2024,Immaculata,Alvernia,Home,W
11/08/2024,Alvernia,Immaculata,Road,L
11/08/2024,Hardin-Simmons,TX Lutheran,Road,W
11/08/2024,TX Lutheran,Hardin-Simmons,Road,L
11/08/2024,St. Joseph's NY,City Col NY,Home,W
11/08/2024,City Col NY,St. Joseph's NY,Road,L
11/08/2024,St. Norbert,St. Scholastica,Home,W
11/08/2024,St. Scholastica,St. Norbert,Road,L
11/08/2024,Carroll,Milwaukee Eng,Road,W
11/08/2024,Milwaukee Eng,Carroll,Road,L
11/08/2024,Millsaps,Univ Ozarks,Home,W
11/08/2024,Univ Ozarks,Millsaps,Road,L
11/08/2024,Berea,Belhaven MS,Neutral,W
11/08/2024,Belhaven MS,Berea,Road,L
11/08/2024,St. John Fisher,Susquehanna,Neutral,W
11/08/2024,Susquehanna,St. John Fisher,Road,L
11/08/2024,Ohio Northern,Wittenberg,Home,W
11/08/2024,Wittenberg,Ohio Northern,Road,L
11/08/2024,UW-Stout,Calvin,Neutral,W
11/08/2024,Calvin,UW-Stout,Road,L
11/08/2024,Chicago,Carthage,Home,W
11/08/2024,Carthage,Chicago,Road,L
11/08/2024,Penn State-Behrend,Case Western,Neutral,W
11/08/2024,Case Western,Penn State-Behrend,Road,L
11/08/2024,Transylvania,Chapman,Neutral,W
11/08/2024,Chapman,Transylvania,Road,L
11/08/2024,UW-Oshkosh,Coe,Neutral,W
11/08/2024,Coe,UW-Oshkosh,Road,L
11/08/2024,Redlands,St. Catherine,Home,W
11/08/2024,St. Catherine,Redlands,Road,L
11/08/2024,Houghton,Alfred St.,Home,W
11/08/2024,Alfred St.,Houghton,Road,L
11/08/2024,Carnegie Mellon,Allegheny,Road,W
11/08/2024,Allegheny,Carnegie Mellon,Road,L
11/08/2024,Covenant,Warren Wilson,Home,W
11/08/2024,Warren Wilson,Covenant,Road,L
11/08/2024,Denison,Muskingum,Road,W
11/08/2024,Muskingum,Denison,Road,L
11/08/2024,DeSales,PSU-Berks,Neutral,W
11/08/2024,PSU-Berks,DeSales,Road,L
11/08/2024,Eureka,Dominican IL,Road,W
11/08/2024,Dominican IL,Eureka,Road,L
11/08/2024,Notre Dame MD,E Mennonite,Road,W
11/08/2024,E Mennonite,Notre Dame MD,Road,L
11/08/2024,East Texas Baptist,Piedmont,Neutral,W
11/08/2024,Piedmont,East Texas Baptist,Road,L
11/08/2024,Haverford,Eastern Univ,Home,W
11/08/2024,Eastern Univ,Haverford,Road,L
11/08/2024,Brandeis,Framingham St.,Home,W
11/08/2024,Framingham St.,Brandeis,Road,L
11/08/2024,Geneseo St.,Rochester Tech,Road,W
11/08/2024,Rochester Tech,Geneseo St.,Road,L
11/08/2024,Geneva,Stevenson,Neutral,W
11/08/2024,Stevenson,Geneva,Road,L
11/08/2024,George Fox,Husson,Neutral,W
11/08/2024,Husson,George Fox,Road,L
11/08/2024,John Carroll,Grove City,Home,W
11/08/2024,Grove City,John Carroll,Road,L
11/08/2024,Gwynedd-Mercy,Muhlenberg,Home,W
11/08/2024,Muhlenberg,Gwynedd-Mercy,Road,L
11/08/2024,Hope,Wilmington OH,Home,W
11/08/2024,Wilmington OH,Hope,Road,L
11/08/2024,Rhodes,IL Tech,Home,W
11/08/2024,IL Tech,Rhodes,Road,L
11/08/2024,J&W RI,Salve Regina,Home,W
11/08/2024,Salve Regina,J&W RI,Road,L
11/08/2024,Morrisville St.,Keuka,Home,W
11/08/2024,Keuka,Morrisville St.,Road,L
11/08/2024,Keystone,Old Westbury,Home,W
11/08/2024,Old Westbury,Keystone,Road,L
11/08/2024,UW-Stevens Point,Lakeland,Neutral,W
11/08/2024,Lakeland,UW-Stevens Point,Road,L
11/08/2024,UW-Superior,Marian WI,Road,W
11/08/2024,Marian WI,UW-Superior,Road,L
11/08/2024,Bridgewater (VA),Mary Washington,Neutral,W
11/08/2024,Mary Washington,Bridgewater (VA),Road,L
11/08/2024,NYU,MIT,Home,W
11/08/2024,MIT,NYU,Road,L
11/08/2024,Centre,Averett,Road,W
11/08/2024,Averett,Centre,Road,L
11/08/2024,Babson,Swarthmore,Neutral,W
11/08/2024,Swarthmore,Babson,Road,L
11/08/2024,Mt. Mary,Blackburn,Home,W
11/08/2024,Blackburn,Mt. Mary,Road,L
11/08/2024,N Central IL,St. Mary's IN,Road,W
11/08/2024,St. Mary's IN,N Central IL,Road,L
11/08/2024,Oberlin,Adrian,Road,W
11/08/2024,Adrian,Oberlin,Home,L
11/08/2024,Otterbein,St. Vincent,Neutral,W
11/08/2024,St. Vincent,Otterbein,Road,L
11/08/2024,Chatham,Penn Col Tech,Home,W
11/08/2024,Penn Col Tech,Chatham,Road,L
11/08/2024,Waynesburg,Pitt-Greensburg,Home,W
11/08/2024,Pitt-Greensburg,Waynesburg,Road,L
11/08/2024,Rensselaer,Plattsburgh St.,Home,W
11/08/2024,Plattsburgh St.,Rensselaer,Road,L
11/08/2024,Lesley,Purchase,Neutral,W
11/08/2024,Purchase,Lesley,Road,L
11/08/2024,Smith,Ramapo,Home,W
11/08/2024,Ramapo,Smith,Road,L
11/08/2024,Berry,Huntingdon,Home,W
11/08/2024,Huntingdon,Berry,Road,L
11/08/2024,Rochester,FDU Madison,Home,W
11/08/2024,FDU Madison,Rochester,Road,L
11/08/2024,St. Mary's MD,Hood,Home,W
11/08/2024,Hood,St. Mary's MD,Road,L
11/08/2024,St. Olaf,Central IA,Road,W
11/08/2024,Central IA,St. Olaf,Road,L
11/08/2024,Franklin,Spalding,Home,W
11/08/2024,Spalding,Franklin,Road,L
11/08/2024,W New England,Springfield,Road,W
11/08/2024,Springfield,W New England,Road,L
11/08/2024,Olivet MI,Bluffton,Home,W
11/08/2024,Bluffton,Olivet MI,Road,L
11/08/2024,SUNY Fredonia,Thiel,Neutral,W
11/08/2024,Thiel,SUNY Fredonia,Road,L
11/08/2024,Wartburg,Westminster MO,Home,W
11/08/2024,Westminster MO,Wartburg,Road,L
11/08/2024,Washington & Jefferson,Baldwin Wallace,Home,W
11/08/2024,Baldwin Wallace,Washington & Jefferson,Road,L
11/08/2024,Mt. St. Joseph,Wheaton (IL),Home,W
11/08/2024,Wheaton (IL),Mt. St. Joseph,Road,L
11/08/2024,Whitman,Frank & Marsh,Neutral,W
11/08/2024,Frank & Marsh,Whitman,Road,L
11/08/2024,UW-Whitewater,DePauw,Home,W
11/08/2024,DePauw,UW-Whitewater,Road,L
11/08/2024,York PA,PSU-Altoona,Home,W
11/08/2024,PSU-Altoona,York PA,Road,L
11/09/2024,Centre,Peace,Road,W
11/09/2024,Peace,Centre,Road,L
11/09/2024,Guilford,Meredith,Home,W
11/09/2024,Meredith,Guilford,Road,L
11/09/2024,John Carroll,Brockport St.,Home,W
11/09/2024,Brockport St.,John Carroll,Road,L
11/09/2024,Delaware Val,Lancaster Bib,Road,W
11/09/2024,Lancaster Bib,Delaware Val,Road,L
11/09/2024,St. Thomas TX,LeTourneau,Home,W
11/09/2024,LeTourneau,St. Thomas TX,Road,L
11/09/2024,St. Elizabeth,Lehman,Home,W
11/09/2024,Lehman,St. Elizabeth,Road,L
11/09/2024,Mary Hardin-Baylor,Trinity (Texas),Road,W
11/09/2024,Trinity (Texas),Mary Hardin-Baylor,Road,L
11/09/2024,Dean,Mt. Holyoke,Home,W
11/09/2024,Mt. Holyoke,Dean,Road,L
11/09/2024,Rockford,Beloit,Home,W
11/09/2024,Beloit,Rockford,Road,L
11/09/2024,Montclair St.,Roger Williams,Road,W
11/09/2024,Roger Williams,Montclair St.,Road,L
11/09/2024,Bethel,Westminster MO,Neutral,W
11/09/2024,Westminster MO,Bethel,Road,L
11/09/2024,SUNY Oneonta,Western Connecticut,Home,W
11/09/2024,Western Connecticut,SUNY Oneonta,Road,L
11/09/2024,Rensselaer,SUNY Potsdam,Home,W
11/09/2024,SUNY Potsdam,Rensselaer,Road,L
11/09/2024,Goucher,Valley Forge,Home,W
11/09/2024,Valley Forge,Goucher,Road,L
11/09/2024,Mt. Union,Westminster PA,Home,W
11/09/2024,Westminster PA,Mt. Union,Road,L
11/09/2024,Bridgewater (VA),Notre Dame MD,Neutral,W
11/09/2024,Notre Dame MD,Bridgewater (VA),Road,L
11/09/2024,Arcadia,Ramapo,Neutral,W
11/09/2024,Ramapo,Arcadia,Road,L
11/09/2024,Dickinson,Stevens,Home,W
11/09/2024,Stevens,Dickinson,Road,L
11/09/2024,Emerson,Salem MA,Road,W
11/09/2024,Salem MA,Emerson,Road,L
11/09/2024,ME Maritime,Wheaton MA,Neutral,W
11/09/2024,Wheaton MA,ME Maritime,Road,L
11/09/2024,Simpson (Iowa),UW-Eau Claire,Road,W
11/09/2024,UW-Eau Claire,Simpson (Iowa),Road,L
11/09/2024,Gustavus Adolphus,UW-La Crosse,Neutral,W
11/09/2024,UW-La Crosse,Gustavus Adolphus,Road,L
11/09/2024,Manchester,Kalamazoo,Neutral,W
11/09/2024,Kalamazoo,Manchester,Road,L
11/09/2024,Cairn,Trinity DC,Road,W
11/09/2024,Trinity DC,Cairn,Road,L
11/09/2024,TX Lutheran,Howard Payne,Home,W
11/09/2024,Howard Payne,TX Lutheran,Road,L
11/09/2024,St. Joseph's ME,Thomas ME,Road,W
11/09/2024,Thomas ME,St. Joseph's ME,Road,L
11/09/2024,Lewis & Clark,SW Univ TX,Road,W
11/09/2024,SW Univ TX,Lewis & Clark,Road,L
11/09/2024,Bryn Mawr,Sarah Lawrence,Road,W
11/09/2024,Sarah Lawrence,Bryn Mawr,Road,L
11/09/2024,Baldwin Wallace,St. Vincent,Neutral,W
11/09/2024,St. Vincent,Baldwin Wallace,Road,L
11/09/2024,Marietta,Bethany WV,Road,W
11/09/2024,Bethany WV,Marietta,Road,L
11/09/2024,Alverno,Blackburn,Home,W
11/09/2024,Blackburn,Alverno,Road,L
11/09/2024,Claremont-Mudd-Scripps,UC Santa Cruz,Home,W
11/09/2024,UC Santa Cruz,Claremont-Mudd-Scripps,Road,L
11/09/2024,Carnegie Mellon,Penn State-Behrend,Neutral,W
11/09/2024,Penn State-Behrend,Carnegie Mellon,Road,L
11/09/2024,Catholic,Shenandoah,Home,W
11/09/2024,Shenandoah,Catholic,Road,L
11/09/2024,Muhlenberg,PSU-Berks,Neutral,W
11/09/2024,PSU-Berks,Muhlenberg,Road,L
11/09/2024,Centenary NJ,Rutgers-Newark,Home,W
11/09/2024,Rutgers-Newark,Centenary NJ,Road,L
11/09/2024,MA Dartmouth,Union NY,Home,W
11/09/2024,Union NY,MA Dartmouth,Road,L
11/09/2024,Berea,Millsaps,Road,W
11/09/2024,Millsaps,Berea,Road,L
11/09/2024,Bethany Luth,Carleton,Home,W
11/09/2024,Carleton,Bethany Luth,Road,L
11/09/2024,Framingham St.,Husson,Neutral,W
11/09/2024,Husson,Framingham St.,Road,L
11/09/2024,Widener,Marymount,Neutral,W
11/09/2024,Marymount,Widener,Road,L
11/09/2024,Frank & Marsh,FDU Madison,Neutral,W
11/09/2024,FDU Madison,Frank & Marsh,Road,L
11/09/2024,George Fox,Brandeis,Road,W
11/09/2024,Brandeis,George Fox,Road,L
11/09/2024,Ursinus,Misericordia,Neutral,W
11/09/2024,Misericordia,Ursinus,Road,L
11/09/2024,Ohio Wesleyan,Elizabethtown,Road,W
11/09/2024,Elizabethtown,Ohio Wesleyan,Road,L
11/09/2024,Vassar,Wm Paterson,Home,W
11/09/2024,Wm Paterson,Vassar,Road,L
11/09/2024,Marywood,Bard,Neutral,W
11/09/2024,Bard,Marywood,Road,L
11/09/2024,McDaniel,Geneva,Home,W
11/09/2024,Geneva,McDaniel,Road,L
11/09/2024,Whitman,Rochester,Road,W
11/09/2024,Rochester,Whitman,Road,L
11/09/2024,Worcester St,Anna Maria,Road,W
11/09/2024,Anna Maria,Worcester St,Road,L
11/09/2024,Clark MA,WPI,Neutral,W
11/09/2024,WPI,Clark MA,Road,L
11/09/2024,Wooster,Thiel,Home,W
11/09/2024,Thiel,Wooster,Road,L
11/09/2024,Lyon,Dallas Univ,Home,W
11/09/2024,Dallas Univ,Lyon,Road,L
11/09/2024,Stevenson,Gallaudet,Neutral,W
11/09/2024,Gallaudet,Stevenson,Road,L
11/09/2024,Univ Ozarks,Belhaven MS,Neutral,W
11/09/2024,Belhaven MS,Univ Ozarks,Road,L
11/09/2024,St. Norbert,Calvin,Home,W
11/09/2024,Calvin,St. Norbert,Road,L
11/09/2024,Case Western,Allegheny,Road,W
11/09/2024,Allegheny,Case Western,Road,L
11/09/2024,Chapman,St. Catherine,Home,W
11/09/2024,St. Catherine,Chapman,Road,L
11/09/2024,St. John Fisher,Chatham,Road,W
11/09/2024,Chatham,St. John Fisher,Road,L
11/09/2024,Albright,Wilkes,Road,W
11/09/2024,Wilkes,Albright,Road,L
11/09/2024,Coe,Knox,Neutral,W
11/09/2024,Knox,Coe,Road,L
11/09/2024,Alfred,Pitt-Bradford,Home,W
11/09/2024,Pitt-Bradford,Alfred,Road,L
11/09/2024,Illinois Col,Concordia IL,Home,W
11/09/2024,Concordia IL,Illinois Col,Road,L
11/09/2024,Cornell IA,Crown MN,Home,W
11/09/2024,Crown MN,Cornell IA,Road,L
11/09/2024,Principia,Covenant,Road,W
11/09/2024,Covenant,Principia,Road,L
11/09/2024,DeSales,Gwynedd-Mercy,Road,W
11/09/2024,Gwynedd-Mercy,DeSales,Road,L
11/09/2024,Earlham,Kenyon,Road,W
11/09/2024,Kenyon,Earlham,Road,L
11/09/2024,E Mennonite,Mary Washington,Home,W
11/09/2024,Mary Washington,E Mennonite,Road,L
11/09/2024,East Texas Baptist,IL Tech,Neutral,W
11/09/2024,IL Tech,East Texas Baptist,Road,L
11/09/2024,Edgewood,N Central MN,Road,W
11/09/2024,N Central MN,Edgewood,Road,L
11/09/2024,Grinnell,St. Olaf,Home,W
11/09/2024,St. Olaf,Grinnell,Road,L
11/09/2024,Alma,Grove City,Neutral,W
11/09/2024,Grove City,Alma,Road,L
11/09/2024,UW-River Falls,Hamline,Neutral,W
11/09/2024,Hamline,UW-River Falls,Road,L
11/09/2024,Hardin-Simmons,Schreiner,Road,W
11/09/2024,Schreiner,Hardin-Simmons,Road,L
11/09/2024,Johns Hopkins,New Jersey City,Home,W
11/09/2024,New Jersey City,Johns Hopkins,Road,L
11/09/2024,St. Mary's IN,Lake Forest,Home,W
11/09/2024,Lake Forest,St. Mary's IN,Road,L
11/09/2024,UW-Whitewater,Lakeland,Home,W
11/09/2024,Lakeland,UW-Whitewater,Road,L
11/09/2024,Nichols,Lasell,Home,W
11/09/2024,Lasell,Nichols,Road,L
11/09/2024,Lawrence,North Park,Road,W
11/09/2024,North Park,Lawrence,Road,L
11/09/2024,Lebanon Val,Neumann,Home,W
11/09/2024,Neumann,Lebanon Val,Road,L
11/09/2024,Colby-Sawyer,NVU-Lyndon,Road,W
11/09/2024,NVU-Lyndon,Colby-Sawyer,Road,L
11/09/2024,Dubuque,Marian WI,Home,W
11/09/2024,Marian WI,Dubuque,Road,L
11/09/2024,Hiram,Adrian,Home,W
11/09/2024,Adrian,Hiram,Home,L
11/09/2024,MIT,Swarthmore,Neutral,W
11/09/2024,Swarthmore,MIT,Road,L
11/09/2024,NYU,Babson,Home,W
11/09/2024,Babson,NYU,Road,L
11/09/2024,Central IA,Monmouth IL,Home,W
11/09/2024,Monmouth IL,Central IA,Road,L
11/09/2024,Skidmore,Mt. St. Mary,Road,W
11/09/2024,Mt. St. Mary,Skidmore,Road,L
11/09/2024,Suffolk,N England Col,Neutral,W
11/09/2024,N England Col,Suffolk,Road,L
11/09/2024,Northwestern MN,Buena Vista,Road,W
11/09/2024,Buena Vista,Northwestern MN,Road,L
11/09/2024,Oglethorpe,Huntingdon,Road,W
11/09/2024,Huntingdon,Oglethorpe,Road,L
11/09/2024,Washington & Jefferson,Otterbein,Home,W
11/09/2024,Otterbein,Washington & Jefferson,Road,L
11/09/2024,Susquehanna,Penn Col Tech,Neutral,W
11/09/2024,Penn Col Tech,Susquehanna,Road,L
11/09/2024,Piedmont,Rhodes,Road,W
11/09/2024,Rhodes,Piedmont,Road,L
11/09/2024,ME Farmington,Plymouth St.,Road,W
11/09/2024,Plymouth St.,ME Farmington,Road,L
11/09/2024,Redlands,Transylvania,Home,W
11/09/2024,Transylvania,Redlands,Road,L
11/09/2024,Ripon,Puget Sound,Road,W
11/09/2024,Puget Sound,Ripon,Road,L
11/09/2024,Westfield St.,Rivier,Road,W
11/09/2024,Rivier,Westfield St.,Road,L
11/09/2024,John Jay,Rosemont,Road,W
11/09/2024,Rosemont,John Jay,Road,L
11/09/2024,St. Benedict,MN Morris,Home,W
11/09/2024,MN Morris,St. Benedict,Road,L
11/09/2024,Washington MD,Salisbury,Home,W
11/09/2024,Salisbury,Washington MD,Road,L
11/09/2024,Hanover,Sewanee,Neutral,W
11/09/2024,Sewanee,Hanover,Road,L
11/09/2024,Purchase,SUNY Delhi,Road,W
11/09/2024,SUNY Delhi,Purchase,Road,L
11/09/2024,SUNY Canton,Sage,Home,W
11/09/2024,Sage,SUNY Canton,Road,L
11/09/2024,Farmingdale,Medgar Evers,Home,W
11/09/2024,Medgar Evers,Farmingdale,Road,L
11/09/2024,St. Joseph's LI,SUNY New Paltz,Home,W
11/09/2024,SUNY New Paltz,St. Joseph's LI,Road,L
11/09/2024,Wartburg,Greenville,Home,W
11/09/2024,Greenville,Wartburg,Road,L
11/09/2024,Webster,Macalester,Home,W
11/09/2024,Macalester,Webster,Road,L
11/09/2024,Fitchburg St.,Wentworth Tech,Road,W
11/09/2024,Wentworth Tech,Fitchburg St.,Road,L
11/09/2024,Trine,Wisconsin Lutheran,Road,W
11/09/2024,Wisconsin Lutheran,Trine,Road,L
11/09/2024,UW-Oshkosh,Loras,Road,W
11/09/2024,Loras,UW-Oshkosh,Road,L
11/09/2024,DePauw,UW-Stevens Point,Neutral,W
11/09/2024,UW-Stevens Point,DePauw,Road,L
11/09/2024,UW-Stout,St. Scholastica,Neutral,W
11/09/2024,St. Scholastica,UW-Stout,Road,L
11/09/2024,Stockton,Brooklyn Col,Home,W
11/09/2024,Brooklyn Col,Stockton,Road,L
11/10/2024,Concordia TX,Lewis & Clark,Home,W
11/10/2024,Lewis & Clark,Concordia TX,Road,L
11/10/2024,Pomona-Pitzer,UC Santa Cruz,Home,W
11/10/2024,UC Santa Cruz,Pomona-Pitzer,Road,L
11/10/2024,Gustavus Adolphus,UW-Eau Claire,Road,W
11/10/2024,UW-Eau Claire,Gustavus Adolphus,Road,L
11/10/2024,Smith,Arcadia,Home,W
11/10/2024,Arcadia,Smith,Road,L
11/10/2024,Colby-Sawyer,NVU-Johnson,Road,W
11/10/2024,NVU-Johnson,Colby-Sawyer,Road,L
11/10/2024,Suffolk,St. Joseph's ME,Neutral,W
11/10/2024,St. Joseph's ME,Suffolk,Road,L
11/10/2024,Union NY,Wheaton MA,Neutral,W
11/10/2024,Wheaton MA,Union NY,Road,L
11/10/2024,Bard,Sarah Lawrence,Road,W
11/10/2024,Sarah Lawrence,Bard,Road,L
11/10/2024,Kalamazoo,Westminster PA,Neutral,W
11/10/2024,Westminster PA,Kalamazoo,Road,L
11/10/2024,Macalester,Sewanee,Neutral,W
11/10/2024,Sewanee,Macalester,Road,L
11/10/2024,Bryn Mawr,Marywood,Neutral,W
11/10/2024,Marywood,Bryn Mawr,Road,L
11/10/2024,MA Dartmouth,ME Maritime,Home,W
11/10/2024,ME Maritime,MA Dartmouth,Road,L
11/10/2024,Mt. Union,Manchester,Home,W
11/10/2024,Manchester,Mt. Union,Road,L
11/10/2024,Webster,Hanover,Home,W
11/10/2024,Hanover,Webster,Road,L
11/10/2024,Hendrix,Centenary,Home,W
11/10/2024,Centenary,Hendrix,Road,L
11/10/2024,Christopher Newport,Willamette,Neutral,W
11/10/2024,Willamette,Christopher Newport,Road,L
11/10/2024,VA Wesleyan,Greensboro,Road,W
11/10/2024,Greensboro,VA Wesleyan,Road,L
11/10/2024,Hamline,MN Morris,Neutral,W
11/10/2024,MN Morris,Hamline,Road,L
11/10/2024,N England Col,Thomas ME,Road,W
11/10/2024,Thomas ME,N England Col,Road,L
11/10/2024,Castleton,Norwich,Home,W
11/10/2024,Norwich,Castleton,Road,L
11/10/2024,Ripon,Pac Lutheran,Neutral,W
11/10/2024,Pac Lutheran,Ripon,Road,L
11/10/2024,UW-River Falls,St. Benedict,Road,W
11/10/2024,St. Benedict,UW-River Falls,Road,L
11/10/2024,UW-La Crosse,Simpson (Iowa),Neutral,W
11/10/2024,Simpson (Iowa),UW-La Crosse,Road,L
11/11/2024,Elmhurst,Rockford,Home,W
11/11/2024,Rockford,Elmhurst,Road,L
11/11/2024,Wilson,Trinity DC,Road,W
11/11/2024,Trinity DC,Wilson,Road,L
11/11/2024,Emerson,Elms,Home,W
11/11/2024,Elms,Emerson,Road,L
11/11/2024,Bryn Mawr,PSU-Berks,Home,W
11/11/2024,PSU-Berks,Bryn Mawr,Road,L
11/11/2024,Washington & Lee,S Virginia,Home,W
11/11/2024,S Virginia,Washington & Lee,Road,L
11/11/2024,Christopher Newport,Puget Sound,Road,W
11/11/2024,Puget Sound,Christopher Newport,Road,L
11/11/2024,Scranton,Cortland,Home,W
11/11/2024,Cortland,Scranton,Road,L
11/11/2024,Gettysburg,Eastern Univ,Road,W
11/11/2024,Eastern Univ,Gettysburg,Road,L
11/11/2024,Whitman,Geneseo St.,Road,W
11/11/2024,Geneseo St.,Whitman,Road,L
11/11/2024,Juniata,PSU-Altoona,Home,W
11/11/2024,PSU-Altoona,Juniata,Road,L
11/11/2024,Millikin,Rose-Hulman,Home,W
11/11/2024,Rose-Hulman,Millikin,Road,L
11/11/2024,Moravian,Immaculata,Home,W
11/11/2024,Immaculata,Moravian,Road,L
11/11/2024,Farmingdale,Baruch,Road,W
11/11/2024,Baruch,Farmingdale,Road,L
11/11/2024,NC Wesleyan,Roanoke,Home,W
11/11/2024,Roanoke,NC Wesleyan,Road,L
11/12/2024,Centre,Greenville,Home,W
11/12/2024,Greenville,Centre,Road,L
11/12/2024,Messiah,DeSales,Road,W
11/12/2024,DeSales,Messiah,Road,L
11/12/2024,Lehman,Rutgers-Newark,Home,W
11/12/2024,Rutgers-Newark,Lehman,Road,L
11/12/2024,Marymount,Lynchburg,Home,W
11/12/2024,Lynchburg,Marymount,Road,L
11/12/2024,St. Lawrence,SUNY Potsdam,Home,W
11/12/2024,SUNY Potsdam,St. Lawrence,Road,L
11/12/2024,Drew,St. Elizabeth,Home,W
11/12/2024,St. Elizabeth,Drew,Road,L
11/12/2024,Carroll,Beloit,Road,W
11/12/2024,Beloit,Carroll,Road,L
11/12/2024,Kean,Stevens,Road,W
11/12/2024,Stevens,Kean,Road,L
11/12/2024,Suffolk,Salem MA,Road,W
11/12/2024,Salem MA,Suffolk,Road,L
11/12/2024,Salve Regina,Mitchell,Road,W
11/12/2024,Mitchell,Salve Regina,Road,L
11/12/2024,Morrisville St.,SUNYIT,Road,W
11/12/2024,SUNYIT,Morrisville St.,Road,L
11/12/2024,Union NY,Utica,Road,W
11/12/2024,Utica,Union NY,Road,L
11/12/2024,Penn State-Behrend,St. John Fisher,Home,W
11/12/2024,St. John Fisher,Penn State-Behrend,Road,L
11/12/2024,Rutgers-Camden,Valley Forge,Road,W
11/12/2024,Valley Forge,Rutgers-Camden,Road,L
11/12/2024,Calvin,Wilmington OH,Home,W
11/12/2024,Wilmington OH,Calvin,Road,L
11/12/2024,Chicago,North Park,Road,W
11/12/2024,North Park,Chicago,Road,L
11/12/2024,SUNY Canton,Clarkson,Home,W
11/12/2024,Clarkson,SUNY Canton,Road,L
11/12/2024,TCNJ,John Jay,Home,W
11/12/2024,John Jay,TCNJ,Road,L
11/12/2024,SUNY Cobleskill,Alfred St.,Road,W
11/12/2024,Alfred St.,SUNY Cobleskill,Road,L
11/12/2024,Anderson IN,Concordia IL,Home,W
11/12/2024,Concordia IL,Anderson IN,Road,L
11/12/2024,Concordia Moorhead,MN Morris,Road,W
11/12/2024,MN Morris,Concordia Moorhead,Road,L
11/12/2024,Geneva,Hiram,Road,W
11/12/2024,Hiram,Geneva,Road,L
11/12/2024,Lyon,Hendrix,Road,W
11/12/2024,Hendrix,Lyon,Road,L
11/12/2024,Houghton,SUNY Delhi,Road,W
11/12/2024,SUNY Delhi,Houghton,Road,L
11/12/2024,N England Col,Keene St.,Home,W
11/12/2024,Keene St.,N England Col,Road,L
11/12/2024,Milwaukee Eng,Lake Forest,Road,W
11/12/2024,Lake Forest,Milwaukee Eng,Road,L
11/12/2024,Lakeland,Maranatha Bap,Home,W
11/12/2024,Maranatha Bap,Lakeland,Road,L
11/12/2024,Macalester,Martin Luther,Home,W
11/12/2024,Martin Luther,Macalester,Road,L
11/12/2024,Salisbury,Notre Dame MD,Home,W
11/12/2024,Notre Dame MD,Salisbury,Road,L
11/12/2024,Baldwin Wallace,Oberlin,Home,W
11/12/2024,Oberlin,Baldwin Wallace,Road,L
11/12/2024,Oglethorpe,Piedmont,Home,W
11/12/2024,Piedmont,Oglethorpe,Road,L
11/12/2024,Guilford,Pfeiffer,Road,W
11/12/2024,Pfeiffer,Guilford,Road,L
11/12/2024,Anna Maria,Purchase,Road,W
11/12/2024,Purchase,Anna Maria,Road,L
11/12/2024,St. Mary's MD,VA Wesleyan,Home,W
11/12/2024,VA Wesleyan,St. Mary's MD,Road,L
11/12/2024,Bluffton,Kenyon,Road,W
11/12/2024,Kenyon,Bluffton,Road,L
11/12/2024,Vassar,SUNY New Paltz,Home,W
11/12/2024,SUNY New Paltz,Vassar,Road,L
11/12/2024,Stevenson,Washington MD,Home,W
11/12/2024,Washington MD,Stevenson,Road,L
11/12/2024,Waynesburg,Hood,Road,W
11/12/2024,Hood,Waynesburg,Road,L
11/12/2024,Misericordia,Wilkes,Home,W
11/12/2024,Wilkes,Misericordia,Road,L
11/12/2024,McDaniel,York PA,Road,W
11/12/2024,York PA,McDaniel,Road,L
11/13/2024,Clark MA,Fitchburg St.,Home,W
11/13/2024,Fitchburg St.,Clark MA,Road,L
11/13/2024,Wooster,Franciscan OH,Road,W
11/13/2024,Franciscan OH,Wooster,Road,L
11/13/2024,Nazareth,Hilbert,Home,W
11/13/2024,Hilbert,Nazareth,Road,L
11/13/2024,Sage,Bard,Road,W
11/13/2024,Bard,Sage,Road,L
11/13/2024,WPI,Regis MA,Road,W
11/13/2024,Regis MA,WPI,Road,L
11/13/2024,W New England,Rhode Island College,Road,W
11/13/2024,Rhode Island College,W New England,Road,L
11/13/2024,Stockton,Gallaudet,Home,W
11/13/2024,Gallaudet,Stockton,Road,L
11/13/2024,PSU-Abington,Delaware Val,Road,W
11/13/2024,Delaware Val,PSU-Abington,Road,L
11/13/2024,Brandeis,MA Boston,Road,W
11/13/2024,MA Boston,Brandeis,Road,L
11/13/2024,Bridgewater (VA),Methodist,Home,W
11/13/2024,Methodist,Bridgewater (VA),Road,L
11/13/2024,Brockport St.,Buffalo St.,Home,W
11/13/2024,Buffalo St.,Brockport St.,Road,L
11/13/2024,Montclair St.,Old Westbury,Home,W
11/13/2024,Old Westbury,Montclair St.,Road,L
11/13/2024,Franklin,Olivet MI,Home,W
11/13/2024,Olivet MI,Franklin,Road,L
11/13/2024,Rensselaer,Coast Guard,Home,W
11/13/2024,Coast Guard,Rensselaer,Road,L
11/13/2024,Cortland,Ithaca,Road,W
11/13/2024,Ithaca,Cortland,Road,L
11/13/2024,Wellesley,Worcester St,Road,W
11/13/2024,Worcester St,Wellesley,Road,L
11/13/2024,Mt. St. Vincent,Western Connecticut,Road,W
11/13/2024,Western Connecticut,Mt. St. Vincent,Road,L
11/13/2024,Wm Paterson,Medgar Evers,Home,W
11/13/2024,Medgar Evers,Wm Paterson,Road,L
11/13/2024,Ursinus,Alvernia,Home,W
11/13/2024,Alvernia,Ursinus,Road,L
11/13/2024,Emory,LaGrange,Road,W
11/13/2024,LaGrange,Emory,Road,L
11/13/2024,Centenary NJ,Cairn,Home,W
11/13/2024,Cairn,Centenary NJ,Road,L
11/13/2024,Goucher,PSU-Berks,Road,W
11/13/2024,PSU-Berks,Goucher,Road,L
11/13/2024,Colby-Sawyer,Thomas ME,Home,W
11/13/2024,Thomas ME,Colby-Sawyer,Road,L
11/13/2024,New Jersey City,Albertus Magnus,Road,W
11/13/2024,Albertus Magnus,New Jersey City,Road,L
11/13/2024,Sarah Lawrence,Cedar Crest,Home,W
11/13/2024,Cedar Crest,Sarah Lawrence,Road,L
11/13/2024,Bethany WV,Thiel,Home,W
11/13/2024,Thiel,Bethany WV,Road,L
11/13/2024,Immaculata,Haverford,Home,W
11/13/2024,Haverford,Immaculata,Road,L
11/13/2024,Dean,Lesley,Home,W
11/13/2024,Lesley,Dean,Road,L
11/13/2024,UW-Superior,Carleton,Road,W
11/13/2024,Carleton,UW-Superior,Road,L
11/13/2024,Capital,Denison,Home,W
11/13/2024,Denison,Capital,Road,L
11/13/2024,Carthage,Lawrence,Home,W
11/13/2024,Lawrence,Carthage,Road,L
11/13/2024,Christopher Newport,Averett,Home,W
11/13/2024,Averett,Christopher Newport,Road,L
11/13/2024,Sewanee,Covenant,Road,W
11/13/2024,Covenant,Sewanee,Road,L
11/13/2024,Luther,Crown MN,Home,W
11/13/2024,Crown MN,Luther,Road,L
11/13/2024,Susquehanna,Eastern Univ,Home,W
11/13/2024,Eastern Univ,Susquehanna,Road,L
11/13/2024,Ferrum,Peace,Home,W
11/13/2024,Peace,Ferrum,Road,L
11/13/2024,Central IA,Grinnell,Home,W
11/13/2024,Grinnell,Central IA,Road,L
11/13/2024,Arcadia,Gwynedd-Mercy,Road,W
11/13/2024,Gwynedd-Mercy,Arcadia,Road,L
11/13/2024,Hamline,Northwestern MN,Home,W
11/13/2024,Northwestern MN,Hamline,Road,L
11/13/2024,Webster,Illinois Col,Home,W
11/13/2024,Illinois Col,Webster,Road,L
11/13/2024,Keuka,Pitt-Bradford,Road,W
11/13/2024,Pitt-Bradford,Keuka,Road,L
11/13/2024,PSU-Harrisburg,King's PA,Home,W
11/13/2024,King's PA,PSU-Harrisburg,Road,L
11/13/2024,Lasell,Eastern Connecticut,Home,W
11/13/2024,Eastern Connecticut,Lasell,Road,L
11/13/2024,Augsburg,Bethany Luth,Home,W
11/13/2024,Bethany Luth,Augsburg,Road,L
11/13/2024,PSU-Altoona,Lycoming,Road,W
11/13/2024,Lycoming,PSU-Altoona,Road,L
11/13/2024,UW-Platteville,Augustana,Home,W
11/13/2024,Augustana,UW-Platteville,Road,L
11/13/2024,Mt. St. Joseph,Marietta,Road,W
11/13/2024,Marietta,Mt. St. Joseph,Road,L
11/13/2024,Randolph-Macon,Mary Washington,Road,W
11/13/2024,Mary Washington,Randolph-Macon,Road,L
11/13/2024,Bridgewater MA,Babson,Road,W
11/13/2024,Babson,Bridgewater MA,Road,L
11/13/2024,Mt. Aloysius,Wilson,Road,W
11/13/2024,Wilson,Mt. Aloysius,Road,L
11/13/2024,Muskingum,Pitt-Greensburg,Home,W
11/13/2024,Pitt-Greensburg,Muskingum,Road,L
11/13/2024,Merchant Marine,Baruch,Road,W
11/13/2024,Baruch,Merchant Marine,Road,L
11/13/2024,Elmira,Penn Col Tech,Home,W
11/13/2024,Penn Col Tech,Elmira,Road,L
11/13/2024,Plymouth St.,NVU-Johnson,Home,W
11/13/2024,NVU-Johnson,Plymouth St.,Road,L
11/13/2024,Manhattanville,Ramapo,Home,W
11/13/2024,Ramapo,Manhattanville,Road,L
11/13/2024,Bryn Mawr,Rosemont,Home,W
11/13/2024,Rosemont,Bryn Mawr,Road,L
11/13/2024,St. Olaf,N Central MN,Road,W
11/13/2024,N Central MN,St. Olaf,Road,L
11/13/2024,Randolph Col,Salem NC,Home,W
11/13/2024,Salem NC,Randolph Col,Road,L
11/13/2024,Springfield,Endicott,Road,W
11/13/2024,Endicott,Springfield,Road,L
11/13/2024,Hunter,Farmingdale,Road,W
11/13/2024,Farmingdale,Hunter,Road,L
11/13/2024,U New England,S Maine,Home,W
11/13/2024,S Maine,U New England,Road,L
11/13/2024,Wartburg,Knox,Road,W
11/13/2024,Knox,Wartburg,Road,L
11/13/2024,Carnegie Mellon,Washington & Jefferson,Home,W
11/13/2024,Washington & Jefferson,Carnegie Mellon,Road,L
11/13/2024,Wentworth Tech,Mt. Holyoke,Road,W
11/13/2024,Mt. Holyoke,Wentworth Tech,Road,L
11/13/2024,John Carroll,Westminster PA,Road,W
11/13/2024,Westminster PA,John Carroll,Road,L
11/13/2024,Swarthmore,Widener,Home,W
11/13/2024,Widener,Swarthmore,Road,L
11/13/2024,Brooklyn Col,St. Joseph's NY,Home,W
11/13/2024,St. Joseph's NY,Brooklyn Col,Road,L
11/14/2024,UC Santa Cruz,La Verne,Road,W
11/14/2024,La Verne,UC Santa Cruz,Road,L
11/14/2024,Marywood,Rutgers-Newark,Home,W
11/14/2024,Rutgers-Newark,Marywood,Road,L
11/14/2024,St. Thomas TX,Howard Payne,Road,W
11/14/2024,Howard Payne,St. Thomas TX,Road,L
11/14/2024,Dickinson,Marymount,Home,W
11/14/2024,Marymount,Dickinson,Road,L
11/14/2024,FDU Madison,St. Elizabeth,Home,W
11/14/2024,St. Elizabeth,FDU Madison,Road,L
11/14/2024,Centenary,LeTourneau,Road,W
11/14/2024,LeTourneau,Centenary,Road,L
11/14/2024,Wheaton MA,Curry,Home,W
11/14/2024,Curry,Wheaton MA,Road,L
11/14/2024,Wilmington OH,Earlham,Home,W
11/14/2024,Earlham,Wilmington OH,Road,L
11/14/2024,Hanover,Asbury,Home,W
11/14/2024,Asbury,Hanover,Road,L
11/14/2024,Aurora,Beloit,Road,W
11/14/2024,Beloit,Aurora,Road,L
11/14/2024,Elmhurst,Mt. Mary,Home,W
11/14/2024,Mt. Mary,Elmhurst,Road,L
11/14/2024,Rose-Hulman,Principia,Home,W
11/14/2024,Principia,Rose-Hulman,Road,L
11/14/2024,Gustavus Adolphus,UW-Stout,Road,W
11/14/2024,UW-Stout,Gustavus Adolphus,Road,L
11/15/2024,Hamilton,Hartwick,Road,W
11/15/2024,Hartwick,Hamilton,Road,L
11/15/2024,Bridgewater (VA),Hood,Home,W
11/15/2024,Hood,Bridgewater (VA),Road,L
11/15/2024,Lancaster Bib,Lehman,Neutral,W
11/15/2024,Lehman,Lancaster Bib,Road,L
11/15/2024,Oswego St.,SUNYIT,Home,W
11/15/2024,SUNYIT,Oswego St.,Road,L
11/15/2024,Rochester,SUNY Oneonta,Neutral,W
11/15/2024,SUNY Oneonta,Rochester,Road,L
11/15/2024,UW-La Crosse,Bethel,Home,W
11/15/2024,Bethel,UW-La Crosse,Road,L
11/15/2024,Hardin-Simmons,St. Thomas TX,Home,W
11/15/2024,St. Thomas TX,Hardin-Simmons,Road,L
11/15/2024,SUNY Potsdam,Utica,Neutral,W
11/15/2024,Utica,SUNY Potsdam,Road,L
11/15/2024,Wheaton (IL),Anderson IN,Home,W
11/15/2024,Anderson IN,Wheaton (IL),Road,L
11/15/2024,N Central IL,NE Wesleyan,Neutral,W
11/15/2024,NE Wesleyan,N Central IL,Road,L
11/15/2024,Plattsburgh St.,Castleton,Home,W
11/15/2024,Castleton,Plattsburgh St.,Road,L
11/15/2024,Rochester Tech,St. Mary's MD,Road,W
11/15/2024,St. Mary's MD,Rochester Tech,Road,L
11/15/2024,CT College,Mitchell,Home,W
11/15/2024,Mitchell,CT College,Road,L
11/15/2024,UW-Oshkosh,Dubuque,Neutral,W
11/15/2024,Dubuque,UW-Oshkosh,Road,L
11/15/2024,Trinity (Conn),Eastern Connecticut,Home,W
11/15/2024,Eastern Connecticut,Trinity (Conn),Road,L
11/15/2024,Gordon,Dean,Home,W
11/15/2024,Dean,Gordon,Road,L
11/15/2024,Mary Hardin-Baylor,SW Univ TX,Road,W
11/15/2024,SW Univ TX,Mary Hardin-Baylor,Road,L
11/15/2024,Rutgers-Camden,Cairn,Neutral,W
11/15/2024,Cairn,Rutgers-Camden,Road,L
11/15/2024,Goucher,Trinity DC,Home,W
11/15/2024,Trinity DC,Goucher,Road,L
11/15/2024,Colorado Col,Pacific,Home,W
11/15/2024,Pacific,Colorado Col,Road,L
11/15/2024,Muhlenberg,Notre Dame MD,Neutral,W
11/15/2024,Notre Dame MD,Muhlenberg,Road,L
11/15/2024,NYU,Kean,Home,W
11/15/2024,Kean,NYU,Road,L
11/15/2024,Rutgers-Newark,FDU Madison,Home,W
11/15/2024,FDU Madison,Rutgers-Newark,Road,L
11/15/2024,Manhattanville,Morrisville St.,Road,W
11/15/2024,Morrisville St.,Manhattanville,Road,L
11/15/2024,Centenary NJ,Spalding,Neutral,W
11/15/2024,Spalding,Centenary NJ,Road,L
11/15/2024,Catholic,Wesleyan CT,Neutral,W
11/15/2024,Wesleyan CT,Catholic,Road,L
11/15/2024,Illinois Wesleyan,Calvin,Road,W
11/15/2024,Calvin,Illinois Wesleyan,Road,L
11/15/2024,John Carroll,Case Western,Road,W
11/15/2024,Case Western,John Carroll,Road,L
11/15/2024,Chicago,Millikin,Home,W
11/15/2024,Millikin,Chicago,Road,L
11/15/2024,Albright,Moravian,Road,W
11/15/2024,Moravian,Albright,Road,L
11/15/2024,Albion,Allegheny,Neutral,W
11/15/2024,Allegheny,Albion,Road,L
11/15/2024,E Mennonite,Bryn Mawr,Neutral,W
11/15/2024,Bryn Mawr,E Mennonite,Road,L
11/15/2024,East Texas Baptist,Willamette,Neutral,W
11/15/2024,Willamette,East Texas Baptist,Road,L
11/15/2024,WashU,Edgewood,Neutral,W
11/15/2024,Edgewood,WashU,Road,L
11/15/2024,Amherst,Geneseo St.,Neutral,W
11/15/2024,Geneseo St.,Amherst,Road,L
11/15/2024,Coast Guard,Geneva,Neutral,W
11/15/2024,Geneva,Coast Guard,Road,L
11/15/2024,Austin Col,Hendrix,Road,W
11/15/2024,Hendrix,Austin Col,Road,L
11/15/2024,SUNY Fredonia,Hobart & Smith,Road,W
11/15/2024,Hobart & Smith,SUNY Fredonia,Road,L
11/15/2024,Hope,Loras,Home,W
11/15/2024,Loras,Hope,Road,L
11/15/2024,Houghton,Emerson,Road,W
11/15/2024,Emerson,Houghton,Road,L
11/15/2024,Bates,Husson,Home,W
11/15/2024,Husson,Bates,Road,L
11/15/2024,Greenville,Illinois Col,Neutral,W
11/15/2024,Illinois Col,Greenville,Road,L
11/15/2024,Asbury,Schreiner,Home,W
11/15/2024,Schreiner,Asbury,Road,L
11/15/2024,Keystone,Keuka,Home,W
11/15/2024,Keuka,Keystone,Road,L
11/15/2024,Trine,Lake Forest,Home,W
11/15/2024,Lake Forest,Trine,Road,L
11/15/2024,Linfield,Pomona-Pitzer,Neutral,W
11/15/2024,Pomona-Pitzer,Linfield,Road,L
11/15/2024,St. Mary's IN,Augustana,Road,W
11/15/2024,Augustana,St. Mary's IN,Road,L
11/15/2024,Martin Luther,Buena Vista,Home,W
11/15/2024,Buena Vista,Martin Luther,Road,L
11/15/2024,Bridgewater MA,MIT,Home,W
11/15/2024,MIT,Bridgewater MA,Road,L
11/15/2024,Messiah,Washington MD,Home,W
11/15/2024,Washington MD,Messiah,Road,L
11/15/2024,Babson,Roger Williams,Road,W
11/15/2024,Roger Williams,Babson,Road,L
11/15/2024,Millsaps,MS Women,Road,W
11/15/2024,MS Women,Millsaps,Road,L
11/15/2024,Monmouth IL,Westminster MO,Home,W
11/15/2024,Westminster MO,Monmouth IL,Road,L
11/15/2024,York PA,Mt. Aloysius,Home,W
11/15/2024,Mt. Aloysius,York PA,Road,L
11/15/2024,Whitworth,North Park,Neutral,W
11/15/2024,North Park,Whitworth,Road,L
11/15/2024,Central IA,Northland,Home,W
11/15/2024,Northland,Central IA,Road,L
11/15/2024,Norwich,ME Farmington,Road,W
11/15/2024,ME Farmington,Norwich,Road,L
11/15/2024,ME Maritime,Otterbein,Home,W
11/15/2024,Otterbein,ME Maritime,Road,L
11/15/2024,Smith,Redlands,Road,W
11/15/2024,Redlands,Smith,Road,L
11/15/2024,Wisconsin Lutheran,Ripon,Home,W
11/15/2024,Ripon,Wisconsin Lutheran,Road,L
11/15/2024,Rowan,Salisbury,Neutral,W
11/15/2024,Salisbury,Rowan,Road,L
11/15/2024,Whittier,UC Santa Cruz,Home,W
11/15/2024,UC Santa Cruz,Whittier,Road,L
11/15/2024,UW-Stevens Point,St. Scholastica,Home,W
11/15/2024,St. Scholastica,UW-Stevens Point,Road,L
11/16/2024,Centre,Schreiner,Home,W
11/16/2024,Schreiner,Centre,Road,L
11/16/2024,Clark MA,Regis MA,Home,W
11/16/2024,Regis MA,Clark MA,Road,L
11/16/2024,Colorado Col,N Central IL,Home,W
11/16/2024,N Central IL,Colorado Col,Road,L
11/16/2024,Howard Payne,Concordia TX,Home,W
11/16/2024,Concordia TX,Howard Payne,Road,L
11/16/2024,DeSales,Shenandoah,Home,W
11/16/2024,Shenandoah,DeSales,Road,L
11/16/2024,Elizabethtown,Dickinson,Road,W
11/16/2024,Dickinson,Elizabethtown,Road,L
11/16/2024,Buffalo St.,Elmira,Road,W
11/16/2024,Elmira,Buffalo St.,Road,L
11/16/2024,Guilford,Brevard,Road,W
11/16/2024,Brevard,Guilford,Road,L
11/16/2024,Hamilton,SUNY Oneonta,Neutral,W
11/16/2024,SUNY Oneonta,Hamilton,Road,L
11/16/2024,Rochester,Hartwick,Road,W
11/16/2024,Hartwick,Rochester,Road,L
11/16/2024,Hollins,Agnes Scott,Road,W
11/16/2024,Agnes Scott,Hollins,Road,L
11/16/2024,Lancaster Bib,Trinity DC,Neutral,W
11/16/2024,Trinity DC,Lancaster Bib,Road,L
11/16/2024,TX Lutheran,LeTourneau,Road,W
11/16/2024,LeTourneau,TX Lutheran,Road,L
11/16/2024,Peace,Lynchburg,Home,W
11/16/2024,Lynchburg,Peace,Road,L
11/16/2024,Elmhurst,Milwaukee Eng,Home,W
11/16/2024,Milwaukee Eng,Elmhurst,Road,L
11/16/2024,Lesley,Mt. Holyoke,Home,W
11/16/2024,Mt. Holyoke,Lesley,Road,L
11/16/2024,Ohio Wesleyan,Nazareth,Road,W
11/16/2024,Nazareth,Ohio Wesleyan,Road,L
11/16/2024,S Virginia,Randolph Col,Home,W
11/16/2024,Randolph Col,S Virginia,Road,L
11/16/2024,Alvernia,Stockton,Home,W
11/16/2024,Stockton,Alvernia,Road,L
11/16/2024,Roger Williams,Salve Regina,Road,W
11/16/2024,Salve Regina,Roger Williams,Road,L
11/16/2024,Bowdoin,Skidmore,Home,W
11/16/2024,Skidmore,Bowdoin,Road,L
11/16/2024,SUNY Potsdam,Castleton,Neutral,W
11/16/2024,Castleton,SUNY Potsdam,Road,L
11/16/2024,Central IA,UW-Eau Claire,Home,W
11/16/2024,UW-Eau Claire,Central IA,Road,L
11/16/2024,Willamette,La Verne,Neutral,W
11/16/2024,La Verne,Willamette,Road,L
11/16/2024,Cedar Crest,Old Westbury,Road,W
11/16/2024,Old Westbury,Cedar Crest,Road,L
11/16/2024,Elms,Fitchburg St.,Road,W
11/16/2024,Fitchburg St.,Elms,Road,L
11/16/2024,Plattsburgh St.,Utica,Home,W
11/16/2024,Utica,Plattsburgh St.,Road,L
11/16/2024,Smith,Pomona-Pitzer,Road,W
11/16/2024,Pomona-Pitzer,Smith,Road,L
11/16/2024,Gettysburg,Randolph-Macon,Neutral,W
11/16/2024,Randolph-Macon,Gettysburg,Road,L
11/16/2024,Catholic,Rochester Tech,Neutral,W
11/16/2024,Rochester Tech,Catholic,Road,L
11/16/2024,CT College,Hartford,Home,W
11/16/2024,Hartford,CT College,Road,L
11/16/2024,Montclair St.,Drew,Road,W
11/16/2024,Drew,Montclair St.,Road,L
11/16/2024,Emmanuel,Hunter,Home,W
11/16/2024,Hunter,Emmanuel,Road,L
11/16/2024,Colby-Sawyer,Wellesley,Road,W
11/16/2024,Wellesley,Colby-Sawyer,Road,L
11/16/2024,Wesleyan CT,St. Mary's MD,Road,W
11/16/2024,St. Mary's MD,Wesleyan CT,Road,L
11/16/2024,Western Connecticut,York NY,Home,W
11/16/2024,York NY,Western Connecticut,Road,L
11/16/2024,Immaculata,McDaniel,Home,W
11/16/2024,McDaniel,Immaculata,Road,L
11/16/2024,Westfield St.,Thomas ME,Neutral,W
11/16/2024,Thomas ME,Westfield St.,Road,L
11/16/2024,S Maine,Wheaton MA,Home,W
11/16/2024,Wheaton MA,S Maine,Road,L
11/16/2024,UW-Whitewater,Carroll,Road,W
11/16/2024,Carroll,UW-Whitewater,Road,L
11/16/2024,Goucher,Bryn Mawr,Home,W
11/16/2024,Bryn Mawr,Goucher,Road,L
11/16/2024,Pacific,NE Wesleyan,Neutral,W
11/16/2024,NE Wesleyan,Pacific,Road,L
11/16/2024,Hardin-Simmons,SW Univ TX,Home,W
11/16/2024,SW Univ TX,Hardin-Simmons,Road,L
11/16/2024,Endicott,Salem MA,Road,W
11/16/2024,Salem MA,Endicott,Road,L
11/16/2024,John Jay,Sarah Lawrence,Road,W
11/16/2024,Sarah Lawrence,John Jay,Road,L
11/16/2024,Bates,St. Joseph's ME,Home,W
11/16/2024,St. Joseph's ME,Bates,Road,L
11/16/2024,Claremont-Mudd-Scripps,Lebanon Val,Neutral,W
11/16/2024,Lebanon Val,Claremont-Mudd-Scripps,Road,L
11/16/2024,N England Col,NVU-Johnson,Neutral,W
11/16/2024,NVU-Johnson,N England Col,Road,L
11/16/2024,Washington & Lee,Emory,Road,W
11/16/2024,Emory,Washington & Lee,Road,L
11/16/2024,St. Norbert,Lawrence,Road,W
11/16/2024,Lawrence,St. Norbert,Road,L
11/16/2024,St. Elizabeth,Purchase,Home,W
11/16/2024,Purchase,St. Elizabeth,Road,L
11/16/2024,Ohio Northern,St. John Fisher,Road,W
11/16/2024,St. John Fisher,Ohio Northern,Road,L
11/16/2024,Carleton,N Central MN,Road,W
11/16/2024,N Central MN,Carleton,Road,L
11/16/2024,Amherst,Oswego St.,Road,W
11/16/2024,Oswego St.,Amherst,Road,L
11/16/2024,Washington MD,Salisbury,Neutral,W
11/16/2024,Salisbury,Washington MD,Road,L
11/16/2024,WashU,St. Mary's IN,Neutral,W
11/16/2024,St. Mary's IN,WashU,Road,L
11/16/2024,Muhlenberg,York PA,Road,W
11/16/2024,York PA,Muhlenberg,Road,L
11/16/2024,Augustana,Edgewood,Home,W
11/16/2024,Edgewood,Augustana,Road,L
11/16/2024,Spalding,Keuka,Neutral,W
11/16/2024,Keuka,Spalding,Road,L
11/16/2024,Messiah,Rowan,Home,W
11/16/2024,Rowan,Messiah,Road,L
11/16/2024,Geneseo St.,SUNYIT,Neutral,W
11/16/2024,SUNYIT,Geneseo St.,Road,L
11/16/2024,Centenary NJ,Keystone,Road,W
11/16/2024,Keystone,Centenary NJ,Road,L
11/16/2024,Coast Guard,Dean,Neutral,W
11/16/2024,Dean,Coast Guard,Road,L
11/16/2024,Mt. Aloysius,Notre Dame MD,Home,W
11/16/2024,Notre Dame MD,Mt. Aloysius,Road,L
11/16/2024,Calvin,Loras,Home,W
11/16/2024,Loras,Calvin,Road,L
11/16/2024,Capital,Kenyon,Home,W
11/16/2024,Kenyon,Capital,Road,L
11/16/2024,Linfield,Chapman,Road,W
11/16/2024,Chapman,Linfield,Road,L
11/16/2024,Chatham,Penn State-Behrend,Road,W
11/16/2024,Penn State-Behrend,Chatham,Road,L
11/16/2024,St. Lawrence,Clarkson,Home,W
11/16/2024,Clarkson,St. Lawrence,Road,L
11/16/2024,Coe,UW-Platteville,Neutral,W
11/16/2024,UW-Platteville,Coe,Road,L
11/16/2024,Colby,Plymouth St.,Home,W
11/16/2024,Plymouth St.,Colby,Road,L
11/16/2024,Alfred,Hiram,Home,W
11/16/2024,Hiram,Alfred,Road,L
11/16/2024,TCNJ,Framingham St.,Neutral,W
11/16/2024,Framingham St.,TCNJ,Road,L
11/16/2024,St. Catherine,UW-River Falls,Home,W
11/16/2024,UW-River Falls,St. Catherine,Road,L
11/16/2024,Alfred St.,SUNY Delhi,Neutral,W
11/16/2024,SUNY Delhi,Alfred St.,Road,L
11/16/2024,Trine,Allegheny,Home,W
11/16/2024,Allegheny,Trine,Road,L
11/16/2024,St. Mary's MN,Cornell IA,Neutral,W
11/16/2024,Cornell IA,St. Mary's MN,Road,L
11/16/2024,UW-Stout,Crown MN,Home,W
11/16/2024,Crown MN,UW-Stout,Road,L
11/16/2024,Curry,MA Boston,Home,W
11/16/2024,MA Boston,Curry,Road,L
11/16/2024,Denison,Adrian,Home,W
11/16/2024,Adrian,Denison,Home,L
11/16/2024,E Mennonite,Lehman,Neutral,W
11/16/2024,Lehman,E Mennonite,Road,L
11/16/2024,Whitman,East Texas Baptist,Home,W
11/16/2024,East Texas Baptist,Whitman,Road,L
11/16/2024,Frank & Marsh,Eastern Univ,Home,W
11/16/2024,Eastern Univ,Frank & Marsh,Road,L
11/16/2024,Ferrum,La Roche,Neutral,W
11/16/2024,La Roche,Ferrum,Road,L
11/16/2024,Geneva,Gordon,Road,W
11/16/2024,Gordon,Geneva,Road,L
11/16/2024,Grinnell,Rockford,Road,W
11/16/2024,Rockford,Grinnell,Road,L
11/16/2024,Grove City,Pitt-Greensburg,Road,W
11/16/2024,Pitt-Greensburg,Grove City,Road,L
11/16/2024,Gwynedd-Mercy,Delaware Val,Home,W
11/16/2024,Delaware Val,Gwynedd-Mercy,Road,L
11/16/2024,Alma,Heidelberg,Home,W
11/16/2024,Heidelberg,Alma,Road,L
11/16/2024,Illinois Wesleyan,Hope,Road,W
11/16/2024,Hope,Illinois Wesleyan,Road,L
11/16/2024,Westminster MO,Illinois Col,Neutral,W
11/16/2024,Illinois Col,Westminster MO,Road,L
11/16/2024,Johns Hopkins,Averett,Neutral,W
11/16/2024,Averett,Johns Hopkins,Road,L
11/16/2024,J&W RI,Mt. St. Vincent,Home,W
11/16/2024,Mt. St. Vincent,J&W RI,Road,L
11/16/2024,Marywood,Juniata,Home,W
11/16/2024,Juniata,Marywood,Road,L
11/16/2024,Williams,Keene St.,Home,W
11/16/2024,Keene St.,Williams,Road,L
11/16/2024,King's PA,Lycoming,Road,W
11/16/2024,Lycoming,King's PA,Road,L
11/16/2024,Lake Forest,Albion,Neutral,W
11/16/2024,Albion,Lake Forest,Road,L
11/16/2024,Lakeland,Beloit,Home,W
11/16/2024,Beloit,Lakeland,Road,L
11/16/2024,Worcester St,Lasell,Home,W
11/16/2024,Lasell,Worcester St,Road,L
11/16/2024,Martin Luther,Maranatha Bap,Home,W
11/16/2024,Maranatha Bap,Martin Luther,Road,L
11/16/2024,St. Scholastica,Marian WI,Road,W
11/16/2024,Marian WI,St. Scholastica,Road,L
11/16/2024,Marietta,St. Vincent,Road,W
11/16/2024,St. Vincent,Marietta,Road,L
11/16/2024,Lyon,Austin Col,Home,W
11/16/2024,Austin Col,Lyon,Road,L
11/16/2024,Mary Washington,Methodist,Neutral,W
11/16/2024,Methodist,Mary Washington,Road,L
11/16/2024,Middlebury,Millikin,Neutral,W
11/16/2024,Millikin,Middlebury,Road,L
11/16/2024,Greenville,Monmouth IL,Road,W
11/16/2024,Monmouth IL,Greenville,Road,L
11/16/2024,Carnegie Mellon,Muskingum,Home,W
11/16/2024,Muskingum,Carnegie Mellon,Road,L
11/16/2024,Neumann,Ursinus,Road,W
11/16/2024,Ursinus,Neumann,Road,L
11/16/2024,NC Wesleyan,Warren Wilson,Home,W
11/16/2024,Warren Wilson,NC Wesleyan,Road,L
11/16/2024,Anderson IN,North Park,Neutral,W
11/16/2024,North Park,Anderson IN,Road,L
11/16/2024,Luther,Northwestern MN,Road,W
11/16/2024,Northwestern MN,Luther,Road,L
11/16/2024,Norwich,ME Presque Isle,Neutral,W
11/16/2024,ME Presque Isle,Norwich,Road,L
11/16/2024,Oberlin,Oglethorpe,Neutral,W
11/16/2024,Oglethorpe,Oberlin,Road,L
11/16/2024,PSU-Harrisburg,Misericordia,Road,W
11/16/2024,Misericordia,PSU-Harrisburg,Road,L
11/16/2024,Penn Col Tech,Pitt-Bradford,Home,W
11/16/2024,Pitt-Bradford,Penn Col Tech,Road,L
11/16/2024,Carthage,Benedictine IL,Road,W
11/16/2024,Benedictine IL,Carthage,Road,L
11/16/2024,Piedmont,Sewanee,Road,W
11/16/2024,Sewanee,Piedmont,Road,L
11/16/2024,Univ Ozarks,Principia,Home,W
11/16/2024,Principia,Univ Ozarks,Road,L
11/16/2024,Haverford,Ramapo,Road,W
11/16/2024,Ramapo,Haverford,Road,L
11/16/2024,Berry,LaGrange,Neutral,W
11/16/2024,LaGrange,Berry,Road,L
11/16/2024,Ripon,Dubuque,Neutral,W
11/16/2024,Dubuque,Ripon,Road,L
11/16/2024,WPI,Rivier,Home,W
11/16/2024,Rivier,WPI,Road,L
11/16/2024,Roanoke,Wilkes,Home,W
11/16/2024,Wilkes,Roanoke,Road,L
11/16/2024,Buena Vista,Bethany Luth,Road,W
11/16/2024,Bethany Luth,Buena Vista,Road,L
11/16/2024,Scranton,New Jersey City,Home,W
11/16/2024,New Jersey City,Scranton,Road,L
11/16/2024,Springfield,Eastern Connecticut,Neutral,W
11/16/2024,Eastern Connecticut,Springfield,Road,L
11/16/2024,Albertus Magnus,Farmingdale,Road,W
11/16/2024,Farmingdale,Albertus Magnus,Road,L
11/16/2024,Tufts,Brandeis,Road,W
11/16/2024,Brandeis,Tufts,Road,L
11/16/2024,U New England,Anna Maria,Home,W
11/16/2024,Anna Maria,U New England,Road,L
11/16/2024,Meredith,VA Wesleyan,Road,W
11/16/2024,VA Wesleyan,Meredith,Road,L
11/16/2024,Wheaton (IL),Whitworth,Home,W
11/16/2024,Whitworth,Wheaton (IL),Road,L
11/16/2024,UW-Oshkosh,Wisconsin Lutheran,Road,W
11/16/2024,Wisconsin Lutheran,UW-Oshkosh,Road,L
11/16/2024,UW-Stevens Point,Concordia WI,Home,W
11/16/2024,Concordia WI,UW-Stevens Point,Road,L
11/16/2024,Macalester,UW-Superior,Road,W
11/16/2024,UW-Superior,Macalester,Road,L
11/16/2024,Wittenberg,Hilbert,Neutral,W
11/16/2024,Hilbert,Wittenberg,Road,L
11/16/2024,Stevens,Brooklyn Col,Home,W
11/16/2024,Brooklyn Col,Stevens,Road,L
11/16/2024,Bryn Athyn,Medgar Evers,Home,W
11/16/2024,Medgar Evers,Bryn Athyn,Road,L
11/17/2024,Ohio Northern,Hilbert,Neutral,W
11/17/2024,Hilbert,Ohio Northern,Road,L
11/17/2024,Transylvania,DePauw,Home,W
11/17/2024,DePauw,Transylvania,Road,L
11/17/2024,SUNY Cobleskill,Rensselaer,Home,W
11/17/2024,Rensselaer,SUNY Cobleskill,Road,L
11/17/2024,Emerson,Suffolk,Home,W
11/17/2024,Suffolk,Emerson,Road,L
11/17/2024,Rutgers-Newark,Cairn,Home,W
11/17/2024,Cairn,Rutgers-Newark,Road,L
11/17/2024,NYU,Merchant Marine,Road,W
11/17/2024,Merchant Marine,NYU,Road,L
11/17/2024,FDU Madison,Rutgers-Camden,Neutral,W
11/17/2024,Rutgers-Camden,FDU Madison,Road,L
11/17/2024,Plymouth St.,Thomas ME,Neutral,W
11/17/2024,Thomas ME,Plymouth St.,Road,L
11/17/2024,Denison,Ferrum,Home,W
11/17/2024,Ferrum,Denison,Road,L
11/17/2024,Emmanuel,Claremont-Mudd-Scripps,Home,W
11/17/2024,Claremont-Mudd-Scripps,Emmanuel,Road,L
11/17/2024,La Roche,Adrian,Neutral,W
11/17/2024,Adrian,La Roche,Home,L
11/17/2024,Alfred,Alfred St.,Road,W
11/17/2024,Alfred St.,Alfred,Road,L
11/17/2024,NVU-Lyndon,N England Col,Home,W
11/17/2024,N England Col,NVU-Lyndon,Road,L
11/17/2024,Hiram,SUNY Delhi,Neutral,W
11/17/2024,SUNY Delhi,Hiram,Road,L
11/17/2024,Lebanon Val,Hunter,Neutral,W
11/17/2024,Hunter,Lebanon Val,Road,L
11/17/2024,Colby,Westfield St.,Home,W
11/17/2024,Westfield St.,Colby,Road,L
11/17/2024,Framingham St.,Keene St.,Neutral,W
11/17/2024,Keene St.,Framingham St.,Road,L
11/17/2024,Williams,TCNJ,Home,W
11/17/2024,TCNJ,Williams,Road,L
11/17/2024,Caltech,UC Santa Cruz,Home,W
11/17/2024,UC Santa Cruz,Caltech,Road,L
11/17/2024,Chicago,Middlebury,Home,W
11/17/2024,Middlebury,Chicago,Road,L
11/17/2024,Christopher Newport,Johns Hopkins,Neutral,W
11/17/2024,Johns Hopkins,Christopher Newport,Road,L
11/17/2024,Coe,St. Mary's MN,Neutral,W
11/17/2024,St. Mary's MN,Coe,Road,L
11/17/2024,UW-Platteville,Cornell IA,Road,W
11/17/2024,Cornell IA,UW-Platteville,Road,L
11/17/2024,Dominican IL,Fontbonne,Road,W
11/17/2024,Fontbonne,Dominican IL,Road,L
11/17/2024,Hendrix,Dallas Univ,Home,W
11/17/2024,Dallas Univ,Hendrix,Road,L
11/17/2024,Otterbein,Husson,Road,W
11/17/2024,Husson,Otterbein,Road,L
11/17/2024,Mary Washington,Meredith,Neutral,W
11/17/2024,Meredith,Mary Washington,Road,L
11/17/2024,Huntingdon,MS Women,Road,W
11/17/2024,MS Women,Huntingdon,Road,L
11/17/2024,NC Wesleyan,Averett,Home,W
11/17/2024,Averett,NC Wesleyan,Road,L
11/17/2024,Emory,Oberlin,Home,W
11/17/2024,Oberlin,Emory,Road,L
11/17/2024,Washington & Lee,Oglethorpe,Neutral,W
11/17/2024,Oglethorpe,Washington & Lee,Road,L
11/17/2024,Berry,Piedmont,Neutral,W
11/17/2024,Piedmont,Berry,Road,L
11/17/2024,Gettysburg,Roanoke,Road,W
11/17/2024,Roanoke,Gettysburg,Road,L
11/17/2024,LaGrange,Sewanee,Road,W
11/17/2024,Sewanee,LaGrange,Road,L
11/17/2024,Trinity (Conn),Springfield,Home,W
11/17/2024,Springfield,Trinity (Conn),Road,L
11/17/2024,VA Wesleyan,Methodist,Home,W
11/17/2024,Methodist,VA Wesleyan,Road,L
11/17/2024,Whitman,La Verne,Home,W
11/17/2024,La Verne,Whitman,Road,L
11/17/2024,Randolph-Macon,Wilkes,Neutral,W
11/17/2024,Wilkes,Randolph-Macon,Road,L
11/17/2024,Wittenberg,St. John Fisher,Road,W
11/17/2024,St. John Fisher,Wittenberg,Road,L
11/18/2024,Nichols,Anna Maria,Home,W
11/18/2024,Anna Maria,Nichols,Road,L
11/18/2024,Asbury,Centre,Home,W
11/18/2024,Centre,Asbury,Road,L
11/18/2024,Linfield,Occidental,Road,W
11/18/2024,Occidental,Linfield,Road,L
11/18/2024,Mt. Mary,Alverno,Home,W
11/18/2024,Alverno,Mt. Mary,Road,L
11/18/2024,Waynesburg,Wooster,Home,W
11/18/2024,Wooster,Waynesburg,Road,L
11/18/2024,Elms,Wentworth Tech,Road,W
11/18/2024,Wentworth Tech,Elms,Road,L
11/19/2024,Clark MA,Salem MA,Home,W
11/19/2024,Salem MA,Clark MA,Road,L
11/19/2024,Guilford,S Virginia,Home,W
11/19/2024,S Virginia,Guilford,Road,L
11/19/2024,Brockport St.,Hamilton,Home,W
11/19/2024,Hamilton,Brockport St.,Road,L
11/19/2024,Hanover,Anderson IN,Home,W
11/19/2024,Anderson IN,Hanover,Road,L
11/19/2024,SUNY Oneonta,Hartwick,Road,W
11/19/2024,Hartwick,SUNY Oneonta,Road,L
11/19/2024,Knox,Eureka,Road,W
11/19/2024,Eureka,Knox,Road,L
11/19/2024,Lancaster Bib,Haverford,Home,W
11/19/2024,Haverford,Lancaster Bib,Road,L
11/19/2024,Westfield St.,Mt. Holyoke,Road,W
11/19/2024,Mt. Holyoke,Westfield St.,Road,L
11/19/2024,St. Mary's MN,Northland,Road,W
11/19/2024,Northland,St. Mary's MN,Road,L
11/19/2024,Trinity (Conn),Vassar,Road,W
11/19/2024,Vassar,Trinity (Conn),Road,L
11/19/2024,Bridgewater (VA),Stevenson,Road,W
11/19/2024,Stevenson,Bridgewater (VA),Road,L
11/19/2024,W New England,Eastern Connecticut,Road,W
11/19/2024,Eastern Connecticut,W New England,Road,L
11/19/2024,CT College,MA Boston,Road,W
11/19/2024,MA Boston,CT College,Road,L
11/19/2024,UW-Platteville,Dubuque,Home,W
11/19/2024,Dubuque,UW-Platteville,Road,L
11/19/2024,MIT,Emmanuel,Road,W
11/19/2024,Emmanuel,MIT,Road,L
11/19/2024,Alvernia,Wm Paterson,Home,W
11/19/2024,Wm Paterson,Alvernia,Road,L
11/19/2024,Arcadia,Swarthmore,Road,W
11/19/2024,Swarthmore,Arcadia,Road,L
11/19/2024,Amherst,Albertus Magnus,Home,W
11/19/2024,Albertus Magnus,Amherst,Road,L
11/19/2024,St. Joseph CT,John Jay,Road,W
11/19/2024,John Jay,St. Joseph CT,Road,L
11/19/2024,Bryn Mawr,Bryn Athyn,Road,W
11/19/2024,Bryn Athyn,Bryn Mawr,Road,L
11/19/2024,SUNY Cobleskill,Castleton,Home,W
11/19/2024,Castleton,SUNY Cobleskill,Road,L
11/19/2024,Gallaudet,Trinity DC,Home,W
11/19/2024,Trinity DC,Gallaudet,Road,L
11/19/2024,St. John Fisher,Ithaca,Road,W
11/19/2024,Ithaca,St. John Fisher,Road,L
11/19/2024,Shenandoah,Marymount,Road,W
11/19/2024,Marymount,Shenandoah,Road,L
11/19/2024,Millsaps,Belhaven MS,Road,W
11/19/2024,Belhaven MS,Millsaps,Road,L
11/19/2024,MS Women,Centenary,Road,W
11/19/2024,Centenary,MS Women,Road,L
11/19/2024,Neumann,Albright,Road,W
11/19/2024,Albright,Neumann,Road,L
11/19/2024,Curry,Dean,Home,W
11/19/2024,Dean,Curry,Road,L
11/19/2024,Wartburg,Edgewood,Home,W
11/19/2024,Edgewood,Wartburg,Road,L
11/19/2024,Geneseo St.,Hobart & Smith,Home,W
11/19/2024,Hobart & Smith,Geneseo St.,Road,L
11/19/2024,Keuka,Penn Col Tech,Home,W
11/19/2024,Penn Col Tech,Keuka,Road,L
11/19/2024,Lasell,Wellesley,Home,W
11/19/2024,Wellesley,Lasell,Road,L
11/19/2024,Univ Ozarks,Lyon,Home,W
11/19/2024,Lyon,Univ Ozarks,Road,L
11/19/2024,Blackburn,Maranatha Bap,Road,W
11/19/2024,Maranatha Bap,Blackburn,Road,L
11/19/2024,Austin Col,LeTourneau,Home,W
11/19/2024,LeTourneau,Austin Col,Road,L
11/19/2024,McMurry,Howard Payne,Road,W
11/19/2024,Howard Payne,McMurry,Road,L
11/19/2024,Oglethorpe,Agnes Scott,Home,W
11/19/2024,Agnes Scott,Oglethorpe,Road,L
11/19/2024,St. Lawrence,Plattsburgh St.,Road,W
11/19/2024,Plattsburgh St.,St. Lawrence,Road,L
11/19/2024,Wheaton (IL),Ripon,Home,W
11/19/2024,Ripon,Wheaton (IL),Road,L
11/19/2024,Brandeis,Rivier,Home,W
11/19/2024,Rivier,Brandeis,Road,L
11/19/2024,UW-La Crosse,Bethany Luth,Home,W
11/19/2024,Bethany Luth,UW-La Crosse,Road,L
11/19/2024,Ursinus,Rosemont,Road,W
11/19/2024,Rosemont,Ursinus,Road,L
11/19/2024,Rhode Island College,Springfield,Road,W
11/19/2024,Springfield,Rhode Island College,Road,L
11/19/2024,Tufts,Endicott,Home,W
11/19/2024,Endicott,Tufts,Road,L
11/19/2024,Washington MD,PSU-Abington,Road,W
11/19/2024,PSU-Abington,Washington MD,Road,L
11/19/2024,Kean,Brooklyn Col,Home,W
11/19/2024,Brooklyn Col,Kean,Road,L
11/19/2024,Frank & Marsh,York PA,Home,W
11/19/2024,York PA,Frank & Marsh,Road,L
11/19/2024,Macalester,Buena Vista,Road,W
11/19/2024,Buena Vista,Macalester,Road,L
11/20/2024,Coast Guard,CT College,Home,W
11/20/2024,CT College,Coast Guard,Road,L
11/20/2024,Elizabethtown,Catholic,Road,W
11/20/2024,Catholic,Elizabethtown,Road,L
11/20/2024,St. Mary's IN,Franklin,Home,W
11/20/2024,Franklin,St. Mary's IN,Road,L
11/20/2024,Lynchburg,Wilson,Road,W
11/20/2024,Wilson,Lynchburg,Road,L
11/20/2024,Mary Hardin-Baylor,Schreiner,Road,W
11/20/2024,Schreiner,Mary Hardin-Baylor,Road,L
11/20/2024,Stockton,FDU Madison,Home,W
11/20/2024,FDU Madison,Stockton,Road,L
11/20/2024,Sarah Lawrence,Old Westbury,Road,W
11/20/2024,Old Westbury,Sarah Lawrence,Road,L
11/20/2024,Suffolk,Wheaton MA,Home,W
11/20/2024,Wheaton MA,Suffolk,Road,L
11/20/2024,UW-Whitewater,Concordia WI,Road,W
11/20/2024,Concordia WI,UW-Whitewater,Road,L
11/20/2024,St. Joseph's LI,St. Joseph's NY,Road,W
11/20/2024,St. Joseph's NY,St. Joseph's LI,Road,L
11/20/2024,Anna Maria,Fitchburg St.,Road,W
11/20/2024,Fitchburg St.,Anna Maria,Road,L
11/20/2024,Baldwin Wallace,Trine,Home,W
11/20/2024,Trine,Baldwin Wallace,Road,L
11/20/2024,Penn State-Behrend,Buffalo St.,Road,W
11/20/2024,Buffalo St.,Penn State-Behrend,Road,L
11/20/2024,Immaculata,PSU-Berks,Road,W
11/20/2024,PSU-Berks,Immaculata,Road,L
11/20/2024,Lebanon Val,Centenary NJ,Road,W
11/20/2024,Centenary NJ,Lebanon Val,Road,L
11/20/2024,Luther,N Central MN,Home,W
11/20/2024,N Central MN,Luther,Road,L
11/20/2024,S Maine,ME Farmington,Road,W
11/20/2024,ME Farmington,S Maine,Road,L
11/20/2024,MA Dartmouth,Smith,Road,W
11/20/2024,Smith,MA Dartmouth,Road,L
11/20/2024,Gettysburg,PSU-Altoona,Home,W
11/20/2024,PSU-Altoona,Gettysburg,Road,L
11/20/2024,Capital,Case Western,Road,W
11/20/2024,Case Western,Capital,Road,L
11/20/2024,Carthage,St. Norbert,Road,W
11/20/2024,St. Norbert,Carthage,Road,L
11/20/2024,Clarkson,NVU-Lyndon,Road,W
11/20/2024,NVU-Lyndon,Clarkson,Road,L
11/20/2024,Coe,Cornell IA,Home,W
11/20/2024,Cornell IA,Coe,Road,L
11/20/2024,ME Maritime,Colby,Road,W
11/20/2024,Colby,ME Maritime,Road,L
11/20/2024,Alfred,SUNY Fredonia,Home,W
11/20/2024,SUNY Fredonia,Alfred,Road,L
11/20/2024,St. Catherine,Martin Luther,Home,W
11/20/2024,Martin Luther,St. Catherine,Road,L
11/20/2024,Elmira,Alfred St.,Road,W
11/20/2024,Alfred St.,Elmira,Road,L
11/20/2024,Allegheny,Thiel,Road,W
11/20/2024,Thiel,Allegheny,Road,L
11/20/2024,St. Olaf,Crown MN,Home,W
11/20/2024,Crown MN,St. Olaf,Road,L
11/20/2024,Denison,Wilmington OH,Road,W
11/20/2024,Wilmington OH,Denison,Road,L
11/20/2024,North Park,Dominican IL,Road,W
11/20/2024,Dominican IL,North Park,Road,L
11/20/2024,Earlham,Heidelberg,Home,W
11/20/2024,Heidelberg,Earlham,Road,L
11/20/2024,Muhlenberg,Eastern Univ,Home,W
11/20/2024,Eastern Univ,Muhlenberg,Road,L
11/20/2024,Guilford,Greensboro,Neutral,W
11/20/2024,Greensboro,Guilford,Road,L
11/20/2024,Grinnell,NE Wesleyan,Home,W
11/20/2024,NE Wesleyan,Grinnell,Road,L
11/20/2024,Grove City,Waynesburg,Home,W
11/20/2024,Waynesburg,Grove City,Road,L
11/20/2024,Hamline,UW-Superior,Road,W
11/20/2024,UW-Superior,Hamline,Road,L
11/20/2024,Houghton,Hilbert,Home,W
11/20/2024,Hilbert,Houghton,Road,L
11/20/2024,Illinois Col,Fontbonne,Home,W
11/20/2024,Fontbonne,Illinois Col,Road,L
11/20/2024,Juniata,Lycoming,Home,W
11/20/2024,Lycoming,Juniata,Road,L
11/20/2024,Marywood,Keystone,Home,W
11/20/2024,Keystone,Marywood,Road,L
11/20/2024,Widener,King's PA,Home,W
11/20/2024,King's PA,Widener,Road,L
11/20/2024,Lawrence,Lakeland,Home,W
11/20/2024,Lakeland,Lawrence,Road,L
11/20/2024,UW-Stout,Augsburg,Road,W
11/20/2024,Augsburg,UW-Stout,Road,L
11/20/2024,Aurora,N Central IL,Home,W
11/20/2024,N Central IL,Aurora,Road,L
11/20/2024,Marian WI,Lake Forest,Home,W
11/20/2024,Lake Forest,Marian WI,Road,L
11/20/2024,Randolph Col,Mary Washington,Home,W
11/20/2024,Mary Washington,Randolph Col,Road,L
11/20/2024,Averett,Salem NC,Home,W
11/20/2024,Salem NC,Averett,Road,L
11/20/2024,Messiah,PSU-Harrisburg,Home,W
11/20/2024,PSU-Harrisburg,Messiah,Road,L
11/20/2024,Middlebury,Skidmore,Road,W
11/20/2024,Skidmore,Middlebury,Road,L
11/20/2024,Monmouth IL,Mt. Mary,Home,W
11/20/2024,Mt. Mary,Monmouth IL,Road,L
11/20/2024,Drew,Moravian,Home,W
11/20/2024,Moravian,Drew,Road,L
11/20/2024,Mt. Aloysius,Hood,Home,W
11/20/2024,Hood,Mt. Aloysius,Road,L
11/20/2024,Mt. St. Mary,Farmingdale,Road,W
11/20/2024,Farmingdale,Mt. St. Mary,Road,L
11/20/2024,Ohio Wesleyan,Muskingum,Home,W
11/20/2024,Muskingum,Ohio Wesleyan,Road,L
11/20/2024,N England Col,Lesley,Road,W
11/20/2024,Lesley,N England Col,Road,L
11/20/2024,Baruch,Ramapo,Road,W
11/20/2024,Ramapo,Baruch,Road,L
11/20/2024,Norwich,NVU-Johnson,Road,W
11/20/2024,NVU-Johnson,Norwich,Road,L
11/20/2024,McDaniel,Notre Dame MD,Road,W
11/20/2024,Notre Dame MD,McDaniel,Road,L
11/20/2024,Carnegie Mellon,Oberlin,Home,W
11/20/2024,Oberlin,Carnegie Mellon,Road,L
11/20/2024,Benedictine IL,Beloit,Road,W
11/20/2024,Beloit,Benedictine IL,Road,L
11/20/2024,Colby-Sawyer,Plymouth St.,Home,W
11/20/2024,Plymouth St.,Colby-Sawyer,Road,L
11/20/2024,Mt. St. Vincent,Purchase,Road,W
11/20/2024,Purchase,Mt. St. Vincent,Road,L
11/20/2024,Pomona-Pitzer,Redlands,Road,W
11/20/2024,Redlands,Pomona-Pitzer,Road,L
11/20/2024,St. Benedict,UW-Eau Claire,Road,W
11/20/2024,UW-Eau Claire,St. Benedict,Road,L
11/20/2024,Salisbury,St. Mary's MD,Home,W
11/20/2024,St. Mary's MD,Salisbury,Road,L
11/20/2024,Chatham,St. Vincent,Home,W
11/20/2024,St. Vincent,Chatham,Road,L
11/20/2024,Scranton,Wilkes,Home,W
11/20/2024,Wilkes,Scranton,Road,L
11/20/2024,Centre,Spalding,Home,W
11/20/2024,Spalding,Centre,Road,L
11/20/2024,Bluffton,Kalamazoo,Home,W
11/20/2024,Kalamazoo,Bluffton,Road,L
11/20/2024,Susquehanna,Goucher,Road,W
11/20/2024,Goucher,Susquehanna,Road,L
11/20/2024,St. Joseph's ME,U New England,Home,W
11/20/2024,U New England,St. Joseph's ME,Road,L
11/20/2024,Washington & Jefferson,Franciscan OH,Road,W
11/20/2024,Franciscan OH,Washington & Jefferson,Road,L
11/20/2024,Williams,Hartford,Home,W
11/20/2024,Hartford,Williams,Road,L
11/20/2024,Gustavus Adolphus,UW-River Falls,Road,W
11/20/2024,UW-River Falls,Gustavus Adolphus,Road,L
11/20/2024,Merchant Marine,Yeshiva,Road,W
11/20/2024,Yeshiva,Merchant Marine,Road,L
11/21/2024,Occidental,La Verne,Home,W
11/21/2024,La Verne,Occidental,Road,L
11/21/2024,Marywood,Cairn,Home,W
11/21/2024,Cairn,Marywood,Road,L
11/21/2024,Montclair St.,Valley Forge,Home,W
11/21/2024,Valley Forge,Montclair St.,Road,L
11/21/2024,Salem MA,Elms,Road,W
11/21/2024,Elms,Salem MA,Road,L
11/21/2024,Rochester Tech,Nazareth,Home,W
11/21/2024,Nazareth,Rochester Tech,Road,L
11/21/2024,Emmanuel,Thomas ME,Home,W
11/21/2024,Thomas ME,Emmanuel,Road,L
11/21/2024,Nichols,Western Connecticut,Road,W
11/21/2024,Western Connecticut,Nichols,Road,L
11/21/2024,Salve Regina,Worcester St,Home,W
11/21/2024,Worcester St,Salve Regina,Road,L
11/21/2024,Loras,Millikin,Home,W
11/21/2024,Millikin,Loras,Road,L
11/21/2024,Ursinus,Albright,Home,W
11/21/2024,Albright,Ursinus,Road,L
11/21/2024,Bowdoin,Curry,Home,W
11/21/2024,Curry,Bowdoin,Road,L
11/21/2024,Hendrix,LeTourneau,Road,W
11/21/2024,LeTourneau,Hendrix,Road,L
11/21/2024,Neumann,Haverford,Home,W
11/21/2024,Haverford,Neumann,Road,L
11/21/2024,Trinity (Conn),Rivier,Home,W
11/21/2024,Rivier,Trinity (Conn),Road,L
11/21/2024,St. John Fisher,Rochester,Neutral,W
11/21/2024,Rochester,St. John Fisher,Road,L
11/21/2024,Swarthmore,Rosemont,Home,W
11/21/2024,Rosemont,Swarthmore,Road,L
11/21/2024,Trinity (Texas),Whittier,Road,W
11/21/2024,Whittier,Trinity (Texas),Road,L
11/21/2024,York PA,Penn Col Tech,Home,W
11/21/2024,Penn Col Tech,York PA,Road,L
11/22/2024,Cal Lutheran,UC Santa Cruz,Home,W
11/22/2024,UC Santa Cruz,Cal Lutheran,Road,L
11/22/2024,Clark MA,Hartford,Road,W
11/22/2024,Hartford,Clark MA,Road,L
11/22/2024,Mt. St. Joseph,Alma,Home,W
11/22/2024,Alma,Mt. St. Joseph,Road,L
11/22/2024,Frank & Marsh,Lancaster Bib,Home,W
11/22/2024,Lancaster Bib,Frank & Marsh,Road,L
11/22/2024,Hamilton,Morrisville St.,Road,W
11/22/2024,Morrisville St.,Hamilton,Road,L
11/22/2024,Rensselaer,Hartwick,Neutral,W
11/22/2024,Hartwick,Rensselaer,Road,L
11/22/2024,Mt. Union,Kenyon,Neutral,W
11/22/2024,Kenyon,Mt. Union,Road,L
11/22/2024,Rhode Island College,MIT,Home,W
11/22/2024,MIT,Rhode Island College,Road,L
11/22/2024,Pacific,Concordia TX,Home,W
11/22/2024,Concordia TX,Pacific,Road,L
11/22/2024,Hanover,Berry,Neutral,W
11/22/2024,Berry,Hanover,Road,L
11/22/2024,Gallaudet,Sage,Home,W
11/22/2024,Sage,Gallaudet,Road,L
11/22/2024,St. Lawrence,Wellesley,Neutral,W
11/22/2024,Wellesley,St. Lawrence,Road,L
11/22/2024,Wisconsin Lutheran,Transylvania,Neutral,W
11/22/2024,Transylvania,Wisconsin Lutheran,Road,L
11/22/2024,Shenandoah,Wilson,Home,W
11/22/2024,Wilson,Shenandoah,Road,L
11/22/2024,Carroll,Olivet MI,Neutral,W
11/22/2024,Olivet MI,Carroll,Road,L
11/22/2024,Randolph-Macon,Dickinson,Home,W
11/22/2024,Dickinson,Randolph-Macon,Road,L
11/22/2024,MA Boston,St. Elizabeth,Neutral,W
11/22/2024,St. Elizabeth,MA Boston,Road,L
11/22/2024,Alvernia,Delaware Val,Neutral,W
11/22/2024,Delaware Val,Alvernia,Road,L
11/22/2024,Elmhurst,Alverno,Road,W
11/22/2024,Alverno,Elmhurst,Road,L
11/22/2024,Emerson,U New England,Neutral,W
11/22/2024,U New England,Emerson,Road,L
11/22/2024,Westfield St.,Utica,Home,W
11/22/2024,Utica,Westfield St.,Road,L
11/22/2024,Linfield,SW Univ TX,Neutral,W
11/22/2024,SW Univ TX,Linfield,Road,L
11/22/2024,Albertus Magnus,Bates,Neutral,W
11/22/2024,Bates,Albertus Magnus,Road,L
11/22/2024,Marymount,Baruch,Home,W
11/22/2024,Baruch,Marymount,Road,L
11/22/2024,Castleton,ME Farmington,Home,W
11/22/2024,ME Farmington,Castleton,Road,L
11/22/2024,Centre,Maryville TN,Home,W
11/22/2024,Maryville TN,Centre,Road,L
11/22/2024,Colorado Col,Simpson (Iowa),Neutral,W
11/22/2024,Simpson (Iowa),Colorado Col,Road,L
11/22/2024,S Virginia,Methodist,Home,W
11/22/2024,Methodist,S Virginia,Road,L
11/22/2024,Macalester,N Central MN,Home,W
11/22/2024,N Central MN,Macalester,Road,L
11/22/2024,Gettysburg,SUNY Cobleskill,Neutral,W
11/22/2024,SUNY Cobleskill,Gettysburg,Road,L
11/22/2024,Grinnell,Maranatha Bap,Home,W
11/22/2024,Maranatha Bap,Grinnell,Road,L
11/22/2024,Bryn Athyn,York NY,Road,W
11/22/2024,York NY,Bryn Athyn,Road,L
11/22/2024,Marietta,Calvin,Home,W
11/22/2024,Calvin,Marietta,Road,L
11/22/2024,Belhaven MS,Centenary,Home,W
11/22/2024,Centenary,Belhaven MS,Road,L
11/22/2024,Chicago,Concordia IL,Road,W
11/22/2024,Concordia IL,Chicago,Road,L
11/22/2024,Framingham St.,Lasell,Home,W
11/22/2024,Lasell,Framingham St.,Road,L
11/22/2024,George Fox,Claremont-Mudd-Scripps,Road,W
11/22/2024,Claremont-Mudd-Scripps,George Fox,Road,L
11/22/2024,Hardin-Simmons,McMurry,Road,W
11/22/2024,McMurry,Hardin-Simmons,Road,L
11/22/2024,Hollins,Agnes Scott,Home,W
11/22/2024,Agnes Scott,Hollins,Road,L
11/22/2024,Hope,Anderson IN,Home,W
11/22/2024,Anderson IN,Hope,Road,L
11/22/2024,Houghton,Pitt-Bradford,Home,W
11/22/2024,Pitt-Bradford,Houghton,Road,L
11/22/2024,Johns Hopkins,Roanoke,Neutral,W
11/22/2024,Roanoke,Johns Hopkins,Road,L
11/22/2024,J&W RI,FDU Madison,Road,W
11/22/2024,FDU Madison,J&W RI,Road,L
11/22/2024,Franklin,Asbury,Neutral,W
11/22/2024,Asbury,Franklin,Road,L
11/22/2024,Keuka,Hilbert,Home,W
11/22/2024,Hilbert,Keuka,Road,L
11/22/2024,Lawrence,Rockford,Home,W
11/22/2024,Rockford,Lawrence,Road,L
11/22/2024,Hunter,NVU-Lyndon,Home,W
11/22/2024,NVU-Lyndon,Hunter,Road,L
11/22/2024,Aurora,Earlham,Road,W
11/22/2024,Earlham,Aurora,Road,L
11/22/2024,Martin Luther,Mt. Mary,Home,W
11/22/2024,Mt. Mary,Martin Luther,Road,L
11/22/2024,Tufts,Babson,Home,W
11/22/2024,Babson,Tufts,Road,L
11/22/2024,TX Lutheran,Pac Lutheran,Road,W
11/22/2024,Pac Lutheran,TX Lutheran,Road,L
11/22/2024,Wartburg,Bethany Luth,Home,W
11/22/2024,Bethany Luth,Wartburg,Road,L
11/22/2024,Springfield,Amherst,Road,W
11/22/2024,Amherst,Springfield,Road,L
11/22/2024,WashU,Lyon,Home,W
11/22/2024,Lyon,WashU,Road,L
11/22/2024,Bridgewater MA,Eastern Connecticut,Home,W
11/22/2024,Eastern Connecticut,Bridgewater MA,Road,L
11/22/2024,UW-Platteville,Wheaton (IL),Neutral,W
11/22/2024,Wheaton (IL),UW-Platteville,Road,L
11/22/2024,UW-Oshkosh,Central IA,Home,W
11/22/2024,Central IA,UW-Oshkosh,Road,L
11/22/2024,Brooklyn Col,Rowan,Home,W
11/22/2024,Rowan,Brooklyn Col,Road,L
11/23/2024,Hanover,Centre,Road,W
11/23/2024,Centre,Hanover,Road,L
11/23/2024,Coast Guard,Endicott,Home,W
11/23/2024,Endicott,Coast Guard,Road,L
11/23/2024,Franklin,Alma,Neutral,W
11/23/2024,Alma,Franklin,Road,L
11/23/2024,Elmira,Misericordia,Road,W
11/23/2024,Misericordia,Elmira,Road,L
11/23/2024,Castleton,Hartwick,Home,W
11/23/2024,Hartwick,Castleton,Road,L
11/23/2024,LeTourneau,Dallas Univ,Road,W
11/23/2024,Dallas Univ,LeTourneau,Road,L
11/23/2024,Washington & Lee,Lynchburg,Road,W
11/23/2024,Lynchburg,Washington & Lee,Road,L
11/23/2024,Mitchell,Mt. Holyoke,Road,W
11/23/2024,Mt. Holyoke,Mitchell,Road,L
11/23/2024,Berry,Maryville TN,Neutral,W
11/23/2024,Maryville TN,Berry,Road,L
11/23/2024,Luther,St. Mary's MN,Road,W
11/23/2024,St. Mary's MN,Luther,Road,L
11/23/2024,MA Dartmouth,Brandeis,Home,W
11/23/2024,Brandeis,MA Dartmouth,Road,L
11/23/2024,Merchant Marine,Old Westbury,Home,W
11/23/2024,Old Westbury,Merchant Marine,Road,L
11/23/2024,Olivet MI,Anderson IN,Neutral,W
11/23/2024,Anderson IN,Olivet MI,Road,L
11/23/2024,Gordon,Elms,Home,W
11/23/2024,Elms,Gordon,Road,L
11/23/2024,St. John Fisher,Rochester Tech,Road,W
11/23/2024,Rochester Tech,St. John Fisher,Road,L
11/23/2024,CT College,Salve Regina,Home,W
11/23/2024,Salve Regina,CT College,Road,L
11/23/2024,Drew,Goucher,Home,W
11/23/2024,Goucher,Drew,Road,L
11/23/2024,Trinity (Conn),Emmanuel,Home,W
11/23/2024,Emmanuel,Trinity (Conn),Road,L
11/23/2024,Washington & Jefferson,Westminster PA,Home,W
11/23/2024,Westminster PA,Washington & Jefferson,Road,L
11/23/2024,Western Connecticut,John Jay,Road,W
11/23/2024,John Jay,Western Connecticut,Road,L
11/23/2024,Bowdoin,Wheaton MA,Road,W
11/23/2024,Wheaton MA,Bowdoin,Road,L
11/23/2024,Central IA,UW-Platteville,Neutral,W
11/23/2024,UW-Platteville,Central IA,Road,L
11/23/2024,Arcadia,Kean,Home,W
11/23/2024,Kean,Arcadia,Road,L
11/23/2024,La Roche,Bethany WV,Home,W
11/23/2024,Bethany WV,La Roche,Road,L
11/23/2024,Bryn Mawr,Cairn,Home,W
11/23/2024,Cairn,Bryn Mawr,Road,L
11/23/2024,St. Joseph's LI,Sarah Lawrence,Road,W
11/23/2024,Sarah Lawrence,St. Joseph's LI,Road,L
11/23/2024,TX Lutheran,Puget Sound,Road,W
11/23/2024,Puget Sound,TX Lutheran,Road,L
11/23/2024,Wilmington OH,Berea,Home,W
11/23/2024,Berea,Wilmington OH,Road,L
11/23/2024,Rutgers-Newark,York NY,Road,W
11/23/2024,York NY,Rutgers-Newark,Road,L
11/23/2024,SW Univ TX,Pacific,Road,W
11/23/2024,Pacific,SW Univ TX,Road,L
11/23/2024,S Maine,Thomas ME,Home,W
11/23/2024,Thomas ME,S Maine,Road,L
11/23/2024,W New England,St. Joseph CT,Road,W
11/23/2024,St. Joseph CT,W New England,Road,L
11/23/2024,Brevard,Peace,Home,W
11/23/2024,Peace,Brevard,Road,L
11/23/2024,Colby-Sawyer,Fitchburg St.,Home,W
11/23/2024,Fitchburg St.,Colby-Sawyer,Road,L
11/23/2024,S Virginia,Meredith,Home,W
11/23/2024,Meredith,S Virginia,Road,L
11/23/2024,Middlebury,Union NY,Home,W
11/23/2024,Union NY,Middlebury,Road,L
11/23/2024,Emory,Belhaven MS,Road,W
11/23/2024,Belhaven MS,Emory,Road,L
11/23/2024,Carroll,Hope,Road,W
11/23/2024,Hope,Carroll,Road,L
11/23/2024,Manhattanville,Mt. St. Vincent,Home,W
11/23/2024,Mt. St. Vincent,Manhattanville,Road,L
11/23/2024,Trine,Ohio Northern,Home,W
11/23/2024,Ohio Northern,Trine,Road,L
11/23/2024,Lesley,Bard,Home,W
11/23/2024,Bard,Lesley,Road,L
11/23/2024,Rensselaer,ME Farmington,Neutral,W
11/23/2024,ME Farmington,Rensselaer,Road,L
11/23/2024,Eastern Connecticut,U New England,Neutral,W
11/23/2024,U New England,Eastern Connecticut,Road,L
11/23/2024,St. Elizabeth,NVU-Lyndon,Neutral,W
11/23/2024,NVU-Lyndon,St. Elizabeth,Road,L
11/23/2024,Bates,MIT,Neutral,W
11/23/2024,MIT,Bates,Road,L
11/23/2024,St. Lawrence,Westfield St.,Road,W
11/23/2024,Westfield St.,St. Lawrence,Road,L
11/23/2024,Colorado Col,Macalester,Road,W
11/23/2024,Macalester,Colorado Col,Road,L
11/23/2024,Hunter,MA Boston,Home,W
11/23/2024,MA Boston,Hunter,Road,L
11/23/2024,Delaware Val,Lancaster Bib,Neutral,W
11/23/2024,Lancaster Bib,Delaware Val,Road,L
11/23/2024,Transylvania,Lyon,Neutral,W
11/23/2024,Lyon,Transylvania,Road,L
11/23/2024,Rhode Island College,Albertus Magnus,Home,W
11/23/2024,Albertus Magnus,Rhode Island College,Road,L
11/23/2024,Frank & Marsh,Alvernia,Home,W
11/23/2024,Alvernia,Frank & Marsh,Road,L
11/23/2024,SUNY Cobleskill,Baruch,Neutral,W
11/23/2024,Baruch,SUNY Cobleskill,Road,L
11/23/2024,WashU,Wisconsin Lutheran,Home,W
11/23/2024,Wisconsin Lutheran,WashU,Road,L
11/23/2024,Gettysburg,Marymount,Road,W
11/23/2024,Marymount,Gettysburg,Road,L
11/23/2024,Simpson (Iowa),N Central MN,Home,W
11/23/2024,N Central MN,Simpson (Iowa),Road,L
11/23/2024,Utica,Wellesley,Home,W
11/23/2024,Wellesley,Utica,Road,L
11/23/2024,Bridgewater MA,Emerson,Home,W
11/23/2024,Emerson,Bridgewater MA,Road,L
11/23/2024,Whitworth,Caltech,Road,W
11/23/2024,Caltech,Whitworth,Road,L
11/23/2024,Calvin,Mt. Union,Neutral,W
11/23/2024,Mt. Union,Calvin,Road,L
11/23/2024,Case Western,Pitt-Greensburg,Road,W
11/23/2024,Pitt-Greensburg,Case Western,Road,L
11/23/2024,Millsaps,Centenary,Neutral,W
11/23/2024,Centenary,Millsaps,Road,L
11/23/2024,Allegheny,Chatham,Home,W
11/23/2024,Chatham,Allegheny,Road,L
11/23/2024,Albright,Stockton,Road,W
11/23/2024,Stockton,Albright,Road,L
11/23/2024,Christopher Newport,Widener,Road,W
11/23/2024,Widener,Christopher Newport,Road,L
11/23/2024,Plattsburgh St.,Clarkson,Home,W
11/23/2024,Clarkson,Plattsburgh St.,Road,L
11/23/2024,Coe,Augustana,Road,W
11/23/2024,Augustana,Coe,Road,L
11/23/2024,Oswego St.,Alfred,Home,W
11/23/2024,Alfred,Oswego St.,Road,L
11/23/2024,Stevens,TCNJ,Home,W
11/23/2024,TCNJ,Stevens,Road,L
11/23/2024,St. Catherine,UW-Superior,Road,W
11/23/2024,UW-Superior,St. Catherine,Road,L
11/23/2024,SUNYIT,Alfred St.,Home,W
11/23/2024,Alfred St.,SUNYIT,Road,L
11/23/2024,Concordia Moorhead,UW-Stout,Road,W
11/23/2024,UW-Stout,Concordia Moorhead,Road,L
11/23/2024,WPI,Curry,Home,W
11/23/2024,Curry,WPI,Road,L
11/23/2024,Carnegie Mellon,Denison,Road,W
11/23/2024,Denison,Carnegie Mellon,Road,L
11/23/2024,Muhlenberg,DeSales,Road,W
11/23/2024,DeSales,Muhlenberg,Road,L
11/23/2024,Kalamazoo,Dominican IL,Home,W
11/23/2024,Dominican IL,Kalamazoo,Road,L
11/23/2024,E Mennonite,Wilson,Home,W
11/23/2024,Wilson,E Mennonite,Road,L
11/23/2024,East Texas Baptist,Schreiner,Road,W
11/23/2024,Schreiner,East Texas Baptist,Road,L
11/23/2024,McDaniel,Eastern Univ,Road,W
11/23/2024,Eastern Univ,McDaniel,Road,L
11/23/2024,Illinois Wesleyan,Edgewood,Home,W
11/23/2024,Edgewood,Illinois Wesleyan,Road,L
11/23/2024,Wesleyan CT,Geneseo St.,Neutral,W
11/23/2024,Geneseo St.,Wesleyan CT,Road,L
11/23/2024,Geneva,Waynesburg,Home,W
11/23/2024,Waynesburg,Geneva,Road,L
11/23/2024,Pomona-Pitzer,George Fox,Home,W
11/23/2024,George Fox,Pomona-Pitzer,Road,L
11/23/2024,Pfeiffer,Greensboro,Home,W
11/23/2024,Greensboro,Pfeiffer,Road,L
11/23/2024,Grove City,Franciscan OH,Home,W
11/23/2024,Franciscan OH,Grove City,Road,L
11/23/2024,Gwynedd-Mercy,King's PA,Road,W
11/23/2024,King's PA,Gwynedd-Mercy,Road,L
11/23/2024,Ohio Wesleyan,Heidelberg,Road,W
11/23/2024,Heidelberg,Ohio Wesleyan,Road,L
11/23/2024,Brockport St.,Hobart & Smith,Road,W
11/23/2024,Hobart & Smith,Brockport St.,Road,L
11/23/2024,St. Joseph's ME,Husson,Home,W
11/23/2024,Husson,St. Joseph's ME,Road,L
11/23/2024,IL Tech,Illinois Col,Road,W
11/23/2024,Illinois Col,IL Tech,Road,L
11/23/2024,Randolph-Macon,Johns Hopkins,Home,W
11/23/2024,Johns Hopkins,Randolph-Macon,Road,L
11/23/2024,Mt. St. Joseph,Asbury,Home,W
11/23/2024,Asbury,Mt. St. Joseph,Road,L
11/23/2024,Scranton,Juniata,Home,W
11/23/2024,Juniata,Scranton,Road,L
11/23/2024,Keuka,SUNY Delhi,Home,W
11/23/2024,SUNY Delhi,Keuka,Road,L
11/23/2024,Immaculata,Keystone,Home,W
11/23/2024,Keystone,Immaculata,Road,L
11/23/2024,UW-La Crosse,Lakeland,Road,W
11/23/2024,Lakeland,UW-La Crosse,Road,L
11/23/2024,Linfield,Concordia TX,Neutral,W
11/23/2024,Concordia TX,Linfield,Road,L
11/23/2024,UW-River Falls,Augsburg,Road,W
11/23/2024,Augsburg,UW-River Falls,Road,L
11/23/2024,Elizabethtown,Lycoming,Home,W
11/23/2024,Lycoming,Elizabethtown,Road,L
11/23/2024,Marietta,Kenyon,Home,W
11/23/2024,Kenyon,Marietta,Road,L
11/23/2024,Messiah,Mary Washington,Home,W
11/23/2024,Mary Washington,Messiah,Road,L
11/23/2024,Adrian,Manchester,Road,W
11/23/2024,Manchester,Adrian,Road,L
11/23/2024,Susquehanna,Moravian,Road,W
11/23/2024,Moravian,Susquehanna,Road,L
11/23/2024,Mt. Aloysius,Valley Forge,Road,W
11/23/2024,Valley Forge,Mt. Aloysius,Road,L
11/23/2024,PSU-Abington,Neumann,Road,W
11/23/2024,Neumann,PSU-Abington,Road,L
11/23/2024,Worcester St,N England Col,Home,W
11/23/2024,N England Col,Worcester St,Road,L
11/23/2024,North Park,Beloit,Road,W
11/23/2024,Beloit,North Park,Road,L
11/23/2024,St. Scholastica,Northland,Home,W
11/23/2024,Northland,St. Scholastica,Road,L
11/23/2024,Norwich,Plymouth St.,Home,W
11/23/2024,Plymouth St.,Norwich,Road,L
11/23/2024,Oberlin,Penn State-Behrend,Home,W
11/23/2024,Penn State-Behrend,Oberlin,Road,L
11/23/2024,Wittenberg,Otterbein,Road,W
11/23/2024,Otterbein,Wittenberg,Road,L
11/23/2024,PSU-Harrisburg,Rutgers-Camden,Home,W
11/23/2024,Rutgers-Camden,PSU-Harrisburg,Road,L
11/23/2024,PSU-Altoona,Penn Col Tech,Home,W
11/23/2024,Penn Col Tech,PSU-Altoona,Road,L
11/23/2024,Benedictine IL,St. Mary's IN,Home,W
11/23/2024,St. Mary's IN,Benedictine IL,Road,L
11/23/2024,Ramapo,Medgar Evers,Road,W
11/23/2024,Medgar Evers,Ramapo,Road,L
11/23/2024,Trinity (Texas),Redlands,Road,W
11/23/2024,Redlands,Trinity (Texas),Road,L
11/23/2024,Suffolk,Rivier,Road,W
11/23/2024,Rivier,Suffolk,Road,L
11/23/2024,Dickinson,Roanoke,Neutral,W
11/23/2024,Roanoke,Dickinson,Road,L
11/23/2024,Nazareth,Rochester,Neutral,W
11/23/2024,Rochester,Nazareth,Road,L
11/23/2024,Haverford,Rosemont,Home,W
11/23/2024,Rosemont,Haverford,Road,L
11/23/2024,St. Mary's MD,Sage,Home,W
11/23/2024,Sage,St. Mary's MD,Road,L
11/23/2024,St. Olaf,MN Morris,Road,W
11/23/2024,MN Morris,St. Olaf,Road,L
11/23/2024,St. Vincent,Thiel,Road,W
11/23/2024,Thiel,St. Vincent,Road,L
11/23/2024,Agnes Scott,Salem NC,Neutral,W
11/23/2024,Salem NC,Agnes Scott,Road,L
11/23/2024,Sewanee,Warren Wilson,Road,W
11/23/2024,Warren Wilson,Sewanee,Road,L
11/23/2024,Farmingdale,St. Joseph's NY,Home,W
11/23/2024,St. Joseph's NY,Farmingdale,Road,L
11/23/2024,John Carroll,SUNY Fredonia,Road,W
11/23/2024,SUNY Fredonia,John Carroll,Road,L
11/23/2024,Ithaca,SUNY New Paltz,Home,W
11/23/2024,SUNY New Paltz,Ithaca,Road,L
11/23/2024,Roger Williams,Tufts,Road,W
11/23/2024,Tufts,Roger Williams,Road,L
11/23/2024,Washington MD,Gallaudet,Home,W
11/23/2024,Gallaudet,Washington MD,Road,L
11/23/2024,Dean,Wentworth Tech,Home,W
11/23/2024,Wentworth Tech,Dean,Road,L
11/23/2024,Oglethorpe,Wesleyan GA,Home,W
11/23/2024,Wesleyan GA,Oglethorpe,Road,L
11/23/2024,UW-Oshkosh,Wheaton (IL),Home,W
11/23/2024,Wheaton (IL),UW-Oshkosh,Road,L
11/23/2024,Catholic,Wilkes,Road,W
11/23/2024,Wilkes,Catholic,Road,L
11/23/2024,Skidmore,Williams,Home,W
11/23/2024,Williams,Skidmore,Road,L
11/23/2024,UW-Stevens Point,Aurora,Neutral,W
11/23/2024,Aurora,UW-Stevens Point,Road,L
11/24/2024,UC Santa Cruz,Occidental,Road,W
11/24/2024,Occidental,UC Santa Cruz,Road,L
11/24/2024,Elmhurst,Eureka,Home,W
11/24/2024,Eureka,Elmhurst,Road,L
11/24/2024,Trinity (Texas),Claremont-Mudd-Scripps,Road,W
11/24/2024,Claremont-Mudd-Scripps,Trinity (Texas),Road,L
11/24/2024,FDU Madison,City Col NY,Home,W
11/24/2024,City Col NY,FDU Madison,Road,L
11/24/2024,Millsaps,Emory,Home,W
11/24/2024,Emory,Millsaps,Road,L
11/24/2024,J&W RI,Bard,Home,W
11/24/2024,Bard,J&W RI,Road,L
11/24/2024,Geneseo St.,St. Joseph CT,Neutral,W
11/24/2024,St. Joseph CT,Geneseo St.,Road,L
11/24/2024,W New England,Wesleyan CT,Home,W
11/24/2024,Wesleyan CT,W New England,Road,L
11/24/2024,NYU,Colby,Home,W
11/24/2024,Colby,NYU,Road,L
11/24/2024,E Mennonite,Hood,Home,W
11/24/2024,Hood,E Mennonite,Road,L
11/24/2024,East Texas Baptist,Rhodes,Neutral,W
11/24/2024,Rhodes,East Texas Baptist,Road,L
11/24/2024,Univ Ozarks,Hendrix,Road,W
11/24/2024,Hendrix,Univ Ozarks,Road,L
11/24/2024,Mt. St. Mary,Yeshiva,Home,W
11/24/2024,Yeshiva,Mt. St. Mary,Road,L
11/24/2024,Salisbury,PSU-Abington,Road,W
11/24/2024,PSU-Abington,Salisbury,Road,L
11/24/2024,Whittier,Whitworth,Home,W
11/24/2024,Whitworth,Whittier,Road,L
11/24/2024,UW-Stevens Point,Earlham,Road,W
11/24/2024,Earlham,UW-Stevens Point,Road,L
11/25/2024,Gustavus Adolphus,Colorado Col,Home,W
11/25/2024,Colorado Col,Gustavus Adolphus,Road,L
11/25/2024,Bowdoin,ME Presque Isle,Road,W
11/25/2024,ME Presque Isle,Bowdoin,Road,L
11/25/2024,Bethel,St. Catherine,Home,W
11/25/2024,St. Catherine,Bethel,Road,L
11/25/2024,Brevard,Warren Wilson,Road,W
11/25/2024,Warren Wilson,Brevard,Road,L
11/25/2024,Nichols,Colby-Sawyer,Home,W
11/25/2024,Colby-Sawyer,Nichols,Road,L
11/25/2024,DeSales,Moravian,Home,W
11/25/2024,Moravian,DeSales,Road,L
11/25/2024,Misericordia,Juniata,Home,W
11/25/2024,Juniata,Misericordia,Road,L
11/25/2024,Concordia TX,Pac Lutheran,Road,W
11/25/2024,Pac Lutheran,Concordia TX,Road,L
11/25/2024,TX Lutheran,Pacific,Road,W
11/25/2024,Pacific,TX Lutheran,Road,L
11/25/2024,Piedmont,Berea,Home,W
11/25/2024,Berea,Piedmont,Road,L
11/26/2024,DePauw,Albion,Home,W
11/26/2024,Albion,DePauw,Road,L
11/26/2024,Wesleyan CT,Clark MA,Home,W
11/26/2024,Clark MA,Wesleyan CT,Road,L
11/26/2024,Concordia IL,Hartford,Home,W
11/26/2024,Hartford,Concordia IL,Road,L
11/26/2024,Hartwick,Morrisville St.,Home,W
11/26/2024,Morrisville St.,Hartwick,Road,L
11/26/2024,Hiram,Hilbert,Road,W
11/26/2024,Hilbert,Hiram,Road,L
11/26/2024,Stevens,Hunter,Home,W
11/26/2024,Hunter,Stevens,Road,L
11/26/2024,Anna Maria,Mt. Holyoke,Home,W
11/26/2024,Mt. Holyoke,Anna Maria,Road,L
11/26/2024,Randolph-Macon,Marymount,Home,W
11/26/2024,Marymount,Randolph-Macon,Road,L
11/26/2024,Stockton,Kean,Home,W
11/26/2024,Kean,Stockton,Road,L
11/26/2024,MA Dartmouth,Roger Williams,Road,W
11/26/2024,Roger Williams,MA Dartmouth,Road,L
11/26/2024,Bethel,Crown MN,Home,W
11/26/2024,Crown MN,Bethel,Road,L
11/26/2024,SUNY Cobleskill,SUNY Oneonta,Road,W
11/26/2024,SUNY Oneonta,SUNY Cobleskill,Road,L
11/26/2024,Valley Forge,Cairn,Road,W
11/26/2024,Cairn,Valley Forge,Road,L
11/26/2024,St. Norbert,UW-Eau Claire,Road,W
11/26/2024,UW-Eau Claire,St. Norbert,Road,L
11/26/2024,Brockport St.,Penn State-Behrend,Home,W
11/26/2024,Penn State-Behrend,Brockport St.,Road,L
11/26/2024,Ohio Wesleyan,Ohio Northern,Road,W
11/26/2024,Ohio Northern,Ohio Wesleyan,Road,L
11/26/2024,St. Joseph's LI,Old Westbury,Road,W
11/26/2024,Old Westbury,St. Joseph's LI,Road,L
11/26/2024,Westfield St.,Elms,Home,W
11/26/2024,Elms,Westfield St.,Road,L
11/26/2024,Endicott,Emerson,Home,W
11/26/2024,Emerson,Endicott,Road,L
11/26/2024,St. Joseph CT,Western Connecticut,Home,W
11/26/2024,Western Connecticut,St. Joseph CT,Road,L
11/26/2024,Anderson IN,St. Mary's IN,Road,W
11/26/2024,St. Mary's IN,Anderson IN,Road,L
11/26/2024,Muhlenberg,Arcadia,Home,W
11/26/2024,Arcadia,Muhlenberg,Road,L
11/26/2024,Salem MA,Gordon,Home,W
11/26/2024,Gordon,Salem MA,Road,L
11/26/2024,Baldwin Wallace,La Roche,Road,W
11/26/2024,La Roche,Baldwin Wallace,Road,L
11/26/2024,Bethany WV,Waynesburg,Road,W
11/26/2024,Waynesburg,Bethany WV,Road,L
11/26/2024,Amherst,John Jay,Road,W
11/26/2024,John Jay,Amherst,Road,L
11/26/2024,Bates,S Maine,Road,W
11/26/2024,S Maine,Bates,Road,L
11/26/2024,Eureka,Blackburn,Road,W
11/26/2024,Blackburn,Eureka,Road,L
11/26/2024,Simpson (Iowa),Central IA,Home,W
11/26/2024,Central IA,Simpson (Iowa),Road,L
11/26/2024,Chicago,Carroll,Home,W
11/26/2024,Carroll,Chicago,Road,L
11/26/2024,Rowan,Montclair St.,Home,W
11/26/2024,Montclair St.,Rowan,Road,L
11/26/2024,Dean,Fitchburg St.,Home,W
11/26/2024,Fitchburg St.,Dean,Road,L
11/26/2024,Frank & Marsh,Centenary NJ,Home,W
11/26/2024,Centenary NJ,Frank & Marsh,Road,L
11/26/2024,Hamilton,SUNYIT,Road,W
11/26/2024,SUNYIT,Hamilton,Road,L
11/26/2024,St. Joseph's ME,ME Farmington,Road,W
11/26/2024,ME Farmington,St. Joseph's ME,Road,L
11/26/2024,Manhattanville,St. Joseph's NY,Road,W
11/26/2024,St. Joseph's NY,Manhattanville,Road,L
11/26/2024,Rutgers-Camden,Rutgers-Newark,Road,W
11/26/2024,Rutgers-Newark,Rutgers-Camden,Road,L
11/26/2024,Salve Regina,Suffolk,Home,W
11/26/2024,Suffolk,Salve Regina,Road,L
11/26/2024,S Virginia,Stevenson,Home,W
11/26/2024,Stevenson,S Virginia,Road,L
11/26/2024,Merchant Marine,Purchase,Road,W
11/26/2024,Purchase,Merchant Marine,Road,L
11/26/2024,Northwestern MN,Carleton,Home,W
11/26/2024,Carleton,Northwestern MN,Road,L
11/26/2024,Pfeiffer,Salem NC,Road,W
11/26/2024,Salem NC,Pfeiffer,Road,L
11/26/2024,Capital,Wooster,Road,W
11/26/2024,Wooster,Capital,Road,L
11/26/2024,Carthage,Lake Forest,Road,W
11/26/2024,Lake Forest,Carthage,Road,L
11/26/2024,Case Western,Mt. Union,Road,W
11/26/2024,Mt. Union,Case Western,Road,L
11/26/2024,Hendrix,Centenary,Road,W
11/26/2024,Centenary,Hendrix,Road,L
11/26/2024,Christopher Newport,Greensboro,Road,W
11/26/2024,Greensboro,Christopher Newport,Road,L
11/26/2024,Clarkson,SUNY Potsdam,Road,W
11/26/2024,SUNY Potsdam,Clarkson,Road,L
11/26/2024,Coe,Loras,Road,W
11/26/2024,Loras,Coe,Road,L
11/26/2024,U New England,Colby,Home,W
11/26/2024,Colby,U New England,Road,L
11/26/2024,TCNJ,Wm Paterson,Road,W
11/26/2024,Wm Paterson,TCNJ,Road,L
11/26/2024,Keuka,Alfred St.,Home,W
11/26/2024,Alfred St.,Keuka,Road,L
11/26/2024,UW-River Falls,Concordia Moorhead,Home,W
11/26/2024,Concordia Moorhead,UW-River Falls,Road,L
11/26/2024,Cornell IA,N Central MN,Road,W
11/26/2024,N Central MN,Cornell IA,Road,L
11/26/2024,Cortland,Skidmore,Road,W
11/26/2024,Skidmore,Cortland,Road,L
11/26/2024,Denison,Mt. St. Joseph,Home,W
11/26/2024,Mt. St. Joseph,Denison,Road,L
11/26/2024,Shenandoah,E Mennonite,Road,W
11/26/2024,E Mennonite,Shenandoah,Road,L
11/26/2024,East Texas Baptist,Belhaven MS,Home,W
11/26/2024,Belhaven MS,East Texas Baptist,Road,L
11/26/2024,CT College,Eastern Connecticut,Home,W
11/26/2024,Eastern Connecticut,CT College,Road,L
11/26/2024,Ursinus,Eastern Univ,Home,W
11/26/2024,Eastern Univ,Ursinus,Road,L
11/26/2024,Ferrum,Randolph Col,Home,W
11/26/2024,Randolph Col,Ferrum,Road,L
11/26/2024,Framingham St.,Regis MA,Road,W
11/26/2024,Regis MA,Framingham St.,Road,L
11/26/2024,Geneva,Thiel,Home,W
11/26/2024,Thiel,Geneva,Road,L
11/26/2024,George Fox,Hardin-Simmons,Home,W
11/26/2024,Hardin-Simmons,George Fox,Road,L
11/26/2024,Buena Vista,Grinnell,Road,W
11/26/2024,Grinnell,Buena Vista,Road,L
11/26/2024,Swarthmore,Gwynedd-Mercy,Home,W
11/26/2024,Gwynedd-Mercy,Swarthmore,Road,L
11/26/2024,UW-Stout,Hamline,Home,W
11/26/2024,Hamline,UW-Stout,Road,L
11/26/2024,Bluffton,Heidelberg,Home,W
11/26/2024,Heidelberg,Bluffton,Road,L
11/26/2024,Rochester,Hobart & Smith,Road,W
11/26/2024,Hobart & Smith,Rochester,Road,L
11/26/2024,Hollins,Roanoke,Home,W
11/26/2024,Roanoke,Hollins,Road,L
11/26/2024,Hope,UW-La Crosse,Home,W
11/26/2024,UW-La Crosse,Hope,Road,L
11/26/2024,Houghton,Buffalo St.,Home,W
11/26/2024,Buffalo St.,Houghton,Road,L
11/26/2024,Aurora,Illinois Col,Home,W
11/26/2024,Illinois Col,Aurora,Road,L
11/26/2024,Illinois Wesleyan,UW-Whitewater,Road,W
11/26/2024,UW-Whitewater,Illinois Wesleyan,Road,L
11/26/2024,J&W RI,Wheaton MA,Road,W
11/26/2024,Wheaton MA,J&W RI,Road,L
11/26/2024,Worcester St,Keene St.,Home,W
11/26/2024,Keene St.,Worcester St,Road,L
11/26/2024,PSU-Harrisburg,Keystone,Road,W
11/26/2024,Keystone,PSU-Harrisburg,Road,L
11/26/2024,King's PA,Wilkes,Road,W
11/26/2024,Wilkes,King's PA,Road,L
11/26/2024,LaGrange,Oglethorpe,Home,W
11/26/2024,Oglethorpe,LaGrange,Road,L
11/26/2024,Elizabethtown,Lebanon Val,Road,W
11/26/2024,Lebanon Val,Elizabethtown,Road,L
11/26/2024,Lyon,MS Women,Road,W
11/26/2024,MS Women,Lyon,Road,L
11/26/2024,Marian WI,Beloit,Road,W
11/26/2024,Beloit,Marian WI,Road,L
11/26/2024,Austin Col,Howard Payne,Home,W
11/26/2024,Howard Payne,Austin Col,Road,L
11/26/2024,Mary Washington,NC Wesleyan,Home,W
11/26/2024,NC Wesleyan,Mary Washington,Road,L
11/26/2024,Guilford,Averett,Road,W
11/26/2024,Averett,Guilford,Road,L
11/26/2024,Messiah,Dickinson,Home,W
11/26/2024,Dickinson,Messiah,Road,L
11/26/2024,Babson,Brandeis,Road,W
11/26/2024,Brandeis,Babson,Road,L
11/26/2024,Middlebury,Castleton,Home,W
11/26/2024,Castleton,Middlebury,Road,L
11/26/2024,Knox,Millikin,Home,W
11/26/2024,Millikin,Knox,Road,L
11/26/2024,Augustana,Monmouth IL,Home,W
11/26/2024,Monmouth IL,Augustana,Road,L
11/26/2024,PSU-Altoona,Mt. Aloysius,Road,W
11/26/2024,Mt. Aloysius,PSU-Altoona,Road,L
11/26/2024,Milwaukee Eng,Mt. Mary,Home,W
11/26/2024,Mt. Mary,Milwaukee Eng,Road,L
11/26/2024,Widener,Neumann,Road,W
11/26/2024,Neumann,Widener,Road,L
11/26/2024,Albertus Magnus,Baruch,Road,W
11/26/2024,Baruch,Albertus Magnus,Road,L
11/26/2024,Wilson,Notre Dame MD,Home,W
11/26/2024,Notre Dame MD,Wilson,Road,L
11/26/2024,Oberlin,Alma,Road,W
11/26/2024,Alma,Oberlin,Road,L
11/26/2024,Penn Col Tech,Lancaster Bib,Home,W
11/26/2024,Lancaster Bib,Penn Col Tech,Road,L
11/26/2024,N Central IL,Benedictine IL,Home,W
11/26/2024,Benedictine IL,N Central IL,Road,L
11/26/2024,Rivier,Plymouth St.,Road,W
11/26/2024,Plymouth St.,Rivier,Road,L
11/26/2024,Principia,Fontbonne,Road,W
11/26/2024,Fontbonne,Principia,Road,L
11/26/2024,New Jersey City,Ramapo,Home,W
11/26/2024,Ramapo,New Jersey City,Road,L
11/26/2024,Berry,Brevard,Home,W
11/26/2024,Brevard,Berry,Road,L
11/26/2024,St. Olaf,Bethany Luth,Home,W
11/26/2024,Bethany Luth,St. Olaf,Road,L
11/26/2024,St. Elizabeth,Rosemont,Home,W
11/26/2024,Rosemont,St. Elizabeth,Road,L
11/26/2024,St. Mary's MD,Gallaudet,Road,W
11/26/2024,Gallaudet,St. Mary's MD,Road,L
11/26/2024,St. Vincent,Franciscan OH,Home,W
11/26/2024,Franciscan OH,St. Vincent,Road,L
11/26/2024,Scranton,Tufts,Road,W
11/26/2024,Tufts,Scranton,Road,L
11/26/2024,Greenville,Spalding,Road,W
11/26/2024,Spalding,Greenville,Road,L
11/26/2024,Springfield,Williams,Home,W
11/26/2024,Williams,Springfield,Road,L
11/26/2024,Farmingdale,Mt. St. Vincent,Home,W
11/26/2024,Mt. St. Vincent,Farmingdale,Road,L
11/26/2024,Bridgewater (VA),VA Wesleyan,Home,W
11/26/2024,VA Wesleyan,Bridgewater (VA),Road,L
11/26/2024,Wartburg,Luther,Road,W
11/26/2024,Luther,Wartburg,Road,L
11/26/2024,Washington & Jefferson,Chatham,Home,W
11/26/2024,Chatham,Washington & Jefferson,Road,L
11/26/2024,Webster,Westminster MO,Home,W
11/26/2024,Westminster MO,Webster,Road,L
11/26/2024,Wentworth Tech,Lesley,Home,W
11/26/2024,Lesley,Wentworth Tech,Road,L
11/26/2024,Bridgewater MA,Rhode Island College,Home,W
11/26/2024,Rhode Island College,Bridgewater MA,Road,L
11/26/2024,Grove City,Westminster PA,Road,W
11/26/2024,Westminster PA,Grove City,Road,L
11/26/2024,Wheaton (IL),Concordia WI,Road,W
11/26/2024,Concordia WI,Wheaton (IL),Road,L
11/26/2024,Sarah Lawrence,Yeshiva,Home,W
11/26/2024,Yeshiva,Sarah Lawrence,Road,L
11/26/2024,Gettysburg,York PA,Home,W
11/26/2024,York PA,Gettysburg,Road,L
11/26/2024,Bryn Athyn,Cedar Crest,Home,W
11/26/2024,Cedar Crest,Bryn Athyn,Road,L
11/27/2024,Hardin-Simmons,Pacific,Road,W
11/27/2024,Pacific,Hardin-Simmons,Road,L
11/27/2024,Howard Payne,Dallas Univ,Road,W
11/27/2024,Dallas Univ,Howard Payne,Road,L
11/27/2024,SW Univ TX,LeTourneau,Home,W
11/27/2024,LeTourneau,SW Univ TX,Road,L
11/27/2024,Hartford,IL Tech,Road,W
11/27/2024,IL Tech,Hartford,Road,L
11/27/2024,Lasell,MA Boston,Home,W
11/27/2024,MA Boston,Lasell,Road,L
11/27/2024,North Park,Olivet MI,Home,W
11/27/2024,Olivet MI,North Park,Road,L
11/27/2024,UW-Superior,St. Scholastica,Home,W
11/27/2024,St. Scholastica,UW-Superior,Road,L
